label_id,train,calibration,test
0,584,114,9
1,31,4,0
2,21,6,0
3,3,1,1
4,157,24,2
5,1146,217,263
6,194,24,17
7,533,98,49
8,82,16,64
9,987,162,31
10,29,6,10
11,395,61,5
12,314,56,9
13,173,33,8
14,3641,648,141
15,72,8,0
16,157,32,5
17,158,30,19
18,1608,295,97
19,197,26,91
20,115,24,39
21,66,10,0
22,194,19,37
23,381,63,29
24,680,118,60
25,16,3,0
26,131,22,0
27,2560,441,243
28,4,1,3
29,9,2,0
30,92,20,0
31,7,2,0
32,24,1,0
33,275,44,0
34,16,4,5
35,35,12,0
36,16,6,0
37,122,23,13
38,368,77,17
39,148,23,0
40,984,175,127
41,762,137,18
42,79,14,0
43,3857,696,557
44,9,3,0
45,142,20,22
46,13,4,2
47,24,6,9
48,335,54,34
49,232,35,191
50,191,32,27
51,44,8,0
52,223,32,64
53,1,0,1
54,5,2,0
55,157,33,5
56,503,107,42
57,367,75,44
58,26,2,0
59,172,35,15
60,51,9,4
61,29,3,0
62,7,1,31
63,12,3,4
64,27,8,0
65,31,6,0
66,382,59,0
67,4,1,0
68,16513,2857,1805
69,1725,299,582
70,4,1,2
71,17,3,0
72,224,45,19
73,29406,5166,3367
74,61,14,2
75,17,3,0
76,10,2,0
77,24,2,0
78,3986,679,782
79,10834,1978,1589
80,330,55,4
81,139,21,16
82,3617,669,504
83,160,21,6
