metric,mean,sd,mean_percent,sd_percent
exact_match,0.7533949758991473,0.001886503243319819,75.33949758991473,0.1886503243319819
micro_f1,0.9151633951462803,8.475828668764434e-05,91.51633951462803,0.008475828668764434
macro_f1,0.9099066368803618,0.001873555963607577,90.99066368803618,0.18735559636075771
weighted_f1,0.9152522193876299,7.346848361829332e-05,91.525221938763,0.007346848361829332
micro_precision,0.908170645489475,0.0006964289033819306,90.8170645489475,0.06964289033819306
micro_recall,0.9222653298295871,0.0006517221067345815,92.2265329829587,0.06517221067345816
macro_precision,0.9022518714677984,0.0054849101095169875,90.22518714677985,0.5484910109516987
macro_recall,0.9233624184732002,0.003858301392640087,92.33624184732003,0.38583013926400866
hamming_loss,0.004007718405607695,5.82350747480943e-06,,
