condition,seed,selected_epoch,recorded_accuracy,recomputed_accuracy,difference_accuracy,recorded_macro_f1,recomputed_macro_f1,difference_macro_f1,recorded_weighted_f1,recomputed_weighted_f1,difference_weighted_f1,passed
original,42,106,0.9593993325917687,0.9593993325917687,0.0,0.9327373747414307,0.9327373747414307,0.0,0.9593692942773208,0.9593692942773208,0.0,True
original,43,113,0.9602683537263627,0.9602683537263627,0.0,0.9324722622762854,0.9324722622762854,0.0,0.9605098481435023,0.9605098481435023,0.0,True
original,44,87,0.957174638487208,0.957174638487208,0.0,0.9324993376186343,0.9324993376186343,0.0,0.9572698116500369,0.9572698116500369,0.0,True
rewired,42,120,0.936630978865406,0.936630978865406,0.0,0.9207707320983436,0.9207707320983436,0.0,0.9367840703011836,0.9367840703011836,0.0,True
rewired,43,103,0.9302002224694105,0.9302002224694105,0.0,0.9001890266011181,0.9001890266011181,0.0,0.9305191129907576,0.9305191129907576,0.0,True
rewired,44,118,0.9313473303670745,0.9313473303670745,0.0,0.904843860157881,0.904843860157881,0.0,0.9317684678977055,0.9317684678977055,0.0,True
self_loops_only,42,116,0.9683328698553949,0.9683328698553949,0.0,0.9583870118323761,0.9583870118323761,0.0,0.9683015770104457,0.9683015770104457,0.0,True
self_loops_only,43,102,0.9662124582869855,0.9662124582869855,0.0,0.957934884401598,0.957934884401598,0.0,0.9662659773484727,0.9662659773484727,0.0,True
self_loops_only,44,93,0.9686804783092324,0.9686804783092324,0.0,0.9611594771082481,0.9611594771082481,0.0,0.9686697172411323,0.9686697172411323,0.0,True
