side_test_row,interaction_correct,side_exact_correct,lookup_exact_correct
1,True,True,True
17,True,True,True
20,True,True,True
30,True,True,True
32,True,True,True
39,True,True,True
42,True,True,True
50,True,True,True
59,True,False,True
66,True,True,True
79,True,True,True
84,True,True,True
91,True,True,True
93,False,False,False
100,True,True,True
101,False,True,False
122,True,True,True
123,True,True,True
129,False,False,False
146,True,True,True
153,True,True,True
155,True,True,True
167,True,True,True
174,True,True,True
179,True,False,True
181,True,True,True
186,True,False,True
189,True,False,True
199,True,True,True
204,True,False,True
208,True,True,True
209,True,True,True
228,True,True,True
231,True,True,True
232,True,True,True
237,True,True,True
241,True,True,True
249,True,True,True
251,True,True,True
252,True,True,True
255,True,False,True
262,True,True,True
276,True,True,True
279,True,True,True
281,True,True,True
286,True,False,True
288,True,True,True
291,True,True,True
299,True,True,True
302,True,False,True
304,True,True,True
324,False,False,False
332,True,True,True
337,False,True,False
354,True,True,True
362,True,True,True
373,True,True,True
388,True,True,True
391,True,True,True
401,True,True,True
404,True,True,True
406,True,True,True
407,True,True,True
424,True,True,True
425,True,True,True
429,True,False,True
438,True,True,True
441,True,True,True
444,True,True,True
448,False,False,False
460,True,True,True
461,True,True,True
469,True,True,True
471,False,False,False
476,True,True,True
479,True,True,True
484,True,True,True
498,True,True,True
501,True,True,True
508,True,True,True
519,True,True,True
524,True,True,True
527,True,True,True
553,True,True,True
557,True,True,True
559,True,True,True
560,True,False,True
565,True,True,True
566,True,True,True
591,True,False,True
593,True,True,True
598,True,True,True
602,True,True,True
604,True,False,True
615,True,True,True
616,True,True,True
631,True,True,True
632,True,True,True
643,True,True,True
664,True,True,True
673,True,True,True
674,True,False,True
676,True,True,True
683,True,True,True
694,True,True,True
699,True,True,True
701,True,True,True
706,True,True,True
715,True,True,True
731,True,True,True
732,True,True,True
737,True,True,True
751,True,True,True
754,True,True,True
756,True,True,True
772,True,True,True
773,True,True,True
777,True,True,True
780,True,True,True
787,True,True,True
792,True,True,True
795,True,True,True
803,True,True,True
805,True,True,True
826,True,True,True
828,True,True,True
836,True,True,True
838,True,True,True
842,True,False,True
851,True,False,True
855,True,True,True
874,True,False,True
902,True,True,True
908,True,False,True
909,True,True,True
910,True,True,True
913,True,True,True
917,False,True,False
924,True,True,True
941,True,True,True
947,True,True,True
951,True,True,True
959,True,True,True
961,True,True,True
966,True,True,True
967,True,True,True
975,True,True,True
978,True,False,True
990,True,True,True
1031,True,True,True
1035,True,True,True
1049,True,False,True
1050,True,False,True
1051,True,True,True
1052,True,True,True
1053,False,False,False
1074,True,True,True
1089,True,True,True
1091,True,True,True
1100,True,True,True
1104,True,True,True
1108,True,True,True
1112,True,True,True
1127,True,False,True
1142,True,True,True
1146,False,False,False
1148,True,True,True
1150,True,True,True
1153,True,True,True
1157,True,True,True
1165,True,True,True
1167,True,True,True
1169,False,False,False
1170,True,True,True
1171,True,True,True
1176,True,True,True
1180,True,True,True
1189,True,True,True
1194,True,True,True
1196,True,True,True
1206,True,True,True
1220,True,False,True
1223,True,True,True
1232,True,True,True
1242,True,True,True
1244,True,True,True
1245,True,True,True
1249,True,True,True
1250,True,False,True
1262,True,True,True
1274,True,True,True
1275,True,False,True
1285,True,True,True
1290,True,True,True
1298,True,True,True
1305,True,True,True
1308,False,False,False
1320,True,False,True
1323,False,False,False
1335,True,True,True
1337,True,False,True
1343,True,True,True
1344,True,True,True
1359,True,True,True
1363,True,True,True
1367,True,True,True
1377,True,True,True
1378,True,True,True
1401,True,False,True
1420,True,True,True
1429,True,True,True
1431,True,False,True
1441,True,True,True
1448,True,False,True
1474,True,True,True
1479,True,True,True
1483,False,False,False
1486,True,True,True
1493,True,False,True
1496,True,True,True
1499,True,False,True
1501,True,True,True
1515,True,True,True
1526,True,True,True
1536,True,True,True
1537,True,False,True
1541,True,True,True
1565,True,True,True
1567,True,True,True
1571,True,True,True
1572,True,True,True
1586,True,True,True
1594,True,True,True
1601,True,False,True
1603,True,True,True
1606,True,False,True
1619,True,True,True
1624,True,True,True
1632,True,True,True
1634,True,True,True
1664,True,True,True
1666,True,True,True
1670,True,True,True
1671,True,True,True
1672,True,True,True
1682,True,True,True
1692,True,True,True
1694,True,True,True
1700,True,True,True
1702,True,True,True
1708,True,True,True
1710,True,True,True
1712,True,True,True
1728,True,True,True
1737,True,True,True
1740,True,False,True
1744,True,True,True
1751,True,True,True
1752,True,False,True
1760,True,True,True
1761,True,True,True
1763,True,True,True
1764,True,False,True
1767,True,True,True
1779,False,False,False
1786,True,True,True
1792,True,True,True
1798,True,True,True
1807,True,True,True
1831,True,True,True
1838,True,True,True
1844,True,True,True
1859,True,True,True
1862,True,True,True
1867,True,True,True
1868,True,False,True
1877,True,False,True
1889,True,True,True
1896,True,True,True
1903,True,True,True
1904,True,True,True
1906,True,True,True
1922,True,True,True
1928,True,True,True
1932,True,True,True
1933,True,False,True
1935,True,True,True
1939,True,False,True
1944,True,False,True
1948,True,True,True
1964,True,True,True
1966,True,True,True
1985,True,True,True
1987,True,True,True
1991,True,False,True
1994,True,True,True
1997,True,True,True
2000,True,True,True
2005,True,False,True
2006,True,True,True
2018,True,False,True
2024,True,True,True
2034,True,False,True
2039,True,False,True
2048,True,True,True
2057,True,True,True
2061,True,True,True
2078,True,True,True
2108,True,True,True
2114,True,False,True
2115,True,True,True
2119,True,False,True
2123,True,False,True
2127,True,False,True
2130,True,True,True
2133,True,False,True
2134,True,True,True
2143,True,True,True
2147,True,True,True
2150,True,True,True
2153,True,True,True
2165,True,True,True
2174,True,True,True
2184,True,True,True
2188,True,True,True
2198,True,False,True
2199,True,True,True
2200,False,False,False
2203,True,False,True
2204,True,True,True
2212,True,True,True
2226,True,True,True
2234,True,True,True
2238,True,True,True
2240,True,True,True
2246,False,False,False
2247,True,False,True
2248,True,True,True
2252,True,True,True
2260,True,True,True
2266,True,True,True
2272,True,True,True
2278,True,True,True
2285,True,True,True
2289,True,True,True
2292,True,True,True
2295,True,True,True
2298,True,True,True
2318,True,True,True
2331,True,True,True
2337,True,True,True
2341,True,False,True
2342,True,True,True
2343,True,True,True
2344,True,True,True
2357,True,True,True
2361,True,False,True
2363,True,True,True
2371,True,True,True
2398,True,True,True
2402,True,False,True
2405,True,False,True
2410,True,True,True
2412,True,True,True
2422,True,True,True
2434,True,True,True
2439,True,True,True
2461,True,True,True
2462,True,True,True
2468,True,True,True
2485,True,True,True
2490,True,False,True
2500,True,False,True
2503,True,True,True
2506,True,False,True
2513,True,True,True
2514,True,False,True
2525,True,True,True
2530,True,False,True
2538,True,False,True
2542,True,True,True
2548,True,True,True
2551,True,False,True
2552,True,False,True
2555,True,True,True
2556,True,True,True
2562,True,False,True
2567,True,True,True
2581,True,False,True
2587,False,False,False
2589,True,True,True
2591,True,True,True
2594,True,True,True
2597,True,True,True
2598,True,False,True
2602,True,True,True
2603,True,False,True
2615,True,True,True
2626,True,True,True
2627,True,True,True
2630,True,True,True
2633,True,True,True
2639,True,True,True
2653,True,True,True
2654,False,False,False
2665,True,True,True
2666,True,True,True
2674,True,True,True
2680,True,True,True
2682,True,True,True
2684,True,True,True
2696,True,True,True
2698,False,False,False
2712,True,True,True
2726,True,True,True
2733,True,True,True
2735,True,True,True
2740,True,True,True
2745,True,True,True
2752,True,False,True
2758,True,True,True
2762,False,False,False
2780,True,False,True
2781,True,True,True
2787,True,True,True
2788,True,True,True
2790,True,True,True
2795,True,True,True
2805,False,False,False
2806,True,True,True
2807,True,True,True
2813,True,True,True
2819,True,True,True
2820,True,False,True
2822,True,False,True
2827,True,False,True
2829,True,False,True
2838,True,True,True
2846,True,True,True
2847,True,False,True
2867,True,False,True
2875,True,True,True
2879,True,True,True
2883,True,True,True
2897,False,True,False
2906,True,True,True
2909,True,False,True
2918,True,True,True
2919,True,True,True
2923,True,True,True
2927,True,True,True
2936,True,False,True
2940,False,False,False
2952,True,True,True
2956,True,True,True
2969,True,True,True
2974,True,True,True
2979,True,False,True
2983,True,True,True
2986,True,True,True
2987,True,True,True
2988,True,True,True
2998,True,True,True
3000,True,True,True
3004,True,True,True
3007,True,True,True
3008,True,False,True
3017,True,True,True
3021,True,True,True
3026,True,True,True
3038,True,True,True
3041,True,True,True
3052,True,True,True
3063,True,True,True
3066,True,True,True
3076,True,True,True
3081,True,True,True
3082,False,False,False
3083,True,True,True
3090,True,True,True
3102,True,True,True
3106,True,False,True
3109,True,True,True
3111,True,False,True
3127,True,True,True
3150,False,False,False
3166,False,False,False
3177,True,False,True
3178,True,True,True
3179,True,True,True
3188,True,False,True
3191,True,True,True
3198,True,False,True
3206,False,False,False
3208,True,True,True
3211,True,True,True
3222,True,True,True
3232,True,True,True
3250,True,True,True
3257,True,True,True
3260,True,True,True
3268,True,True,True
3274,False,False,False
3278,True,True,True
3283,True,True,True
3286,True,True,True
3305,True,True,True
3313,False,False,False
3317,True,False,True
3318,False,True,False
3329,True,True,True
3331,True,True,True
3339,True,True,True
3361,True,True,True
3367,True,True,True
3368,True,False,True
3374,True,False,True
3381,False,False,False
3383,True,True,True
3393,True,True,True
3397,True,True,True
3407,True,True,True
3414,True,True,True
3430,True,True,True
3433,False,True,False
3435,True,True,True
3437,False,False,False
3441,True,False,True
3443,True,True,True
3447,True,True,True
3452,True,False,True
3455,True,True,True
3464,True,True,True
3471,True,True,True
3501,True,False,True
3507,True,True,True
3508,True,True,True
3519,True,True,True
3523,True,True,True
3528,True,False,True
3534,True,False,True
3535,True,False,True
3536,True,True,True
3550,True,True,True
3553,True,False,True
3558,True,True,True
3565,True,True,True
3570,True,True,True
3571,True,True,True
3583,True,True,True
3591,True,True,True
3596,True,False,True
3599,True,True,True
3603,True,True,True
3634,True,True,True
3639,True,True,True
3642,True,False,True
3646,True,True,True
3648,True,False,True
3651,True,True,True
3652,True,True,True
3653,True,True,True
3655,True,True,True
3666,True,False,True
3674,True,True,True
3675,True,True,True
3678,True,True,True
3679,True,True,True
3688,True,True,True
3690,True,False,True
3695,True,False,True
3698,True,True,True
3700,True,False,True
3715,True,True,True
3716,True,True,True
3717,True,True,True
3719,True,True,True
3724,True,True,True
3730,True,True,True
3733,False,False,False
3756,True,True,True
3762,True,True,True
3766,True,False,True
3771,True,True,True
3775,True,True,True
3777,True,True,True
3786,True,True,True
3795,True,True,True
3797,True,False,True
3816,False,False,False
3818,True,True,True
3822,True,False,True
3830,True,True,True
3833,True,True,True
3838,True,False,True
3843,True,False,True
3850,True,True,True
3865,True,True,True
3873,True,False,True
3880,True,True,True
3891,True,True,True
3894,True,True,True
3895,True,True,True
3896,True,True,True
3903,True,True,True
3914,True,False,True
3923,True,True,True
3929,True,True,True
3938,True,False,True
3955,True,True,True
3956,True,True,True
3960,False,False,False
3967,False,True,False
3974,True,True,True
3976,True,True,True
3980,True,False,True
4004,True,False,True
4006,True,False,True
4017,True,True,True
4023,True,True,True
4031,False,True,False
4033,True,False,True
4036,True,True,True
4045,True,True,True
4048,True,True,True
4049,True,True,True
4054,True,True,True
4068,True,True,True
4073,True,True,True
4085,True,False,True
4090,True,True,True
4093,True,True,True
4095,True,False,True
4099,True,True,True
4106,True,False,True
4114,True,True,True
4115,True,True,True
4122,True,True,True
4123,True,True,True
4129,True,True,True
4134,True,True,True
4140,True,False,True
4150,True,True,True
4153,True,True,True
4154,True,True,True
4155,True,True,True
4157,True,True,True
4160,True,True,True
4161,True,True,True
4163,True,True,True
4188,True,True,True
4191,True,False,True
4192,True,True,True
4197,True,True,True
4199,True,False,True
4200,True,True,True
4204,True,True,True
4206,True,False,True
4207,True,True,True
4213,True,True,True
4214,True,True,True
4215,True,True,True
4223,True,True,True
4230,True,True,True
4234,True,True,True
4236,True,False,True
4241,True,True,True
4256,True,True,True
4257,True,True,True
4284,True,True,True
4293,True,True,True
4303,True,True,True
4304,False,False,False
4306,True,True,True
4312,True,True,True
4321,True,False,True
4323,True,True,True
4327,True,False,True
4335,True,True,True
4350,True,True,True
4355,True,True,True
4359,True,True,True
4364,True,True,True
4372,True,True,True
4373,True,True,True
4387,True,False,True
4388,True,True,True
4394,True,True,True
4396,True,True,True
4408,True,True,True
4422,False,False,False
4429,True,True,True
4430,True,False,True
4434,True,True,True
4435,True,True,True
4447,True,True,True
4448,True,True,True
4450,True,True,True
4452,True,True,True
4460,True,True,True
4469,True,True,True
4484,True,False,True
4487,True,False,True
4492,True,True,True
4493,True,False,True
4507,True,True,True
4510,True,True,True
4531,True,True,True
4539,True,False,True
4552,True,False,True
4561,True,True,True
4570,True,False,True
4572,True,True,True
4578,True,True,True
4582,True,True,True
4585,True,False,True
4587,True,True,True
4591,True,False,True
4592,True,False,True
4612,True,True,True
4615,True,True,True
4625,True,True,True
4636,True,True,True
4638,True,True,True
4644,True,True,True
4651,True,True,True
4663,True,True,True
4678,True,True,True
4680,True,True,True
4684,True,True,True
4687,True,True,True
4699,True,True,True
4701,True,True,True
4706,True,False,True
4712,True,True,True
4715,True,True,True
4718,True,True,True
4719,True,True,True
4724,True,True,True
4729,True,True,True
4734,True,True,True
4738,True,False,True
4741,True,False,True
4749,True,True,True
4757,True,True,True
4765,True,False,True
4769,True,True,True
4777,True,True,True
4788,True,True,True
4791,True,False,True
4810,True,True,True
4822,True,True,True
4832,True,True,True
4836,True,False,True
4840,True,False,True
4849,True,True,True
4854,True,False,True
4857,True,True,True
4862,True,True,True
4867,True,True,True
4872,True,True,True
4874,True,False,True
4876,True,True,True
4878,True,True,True
4880,True,False,True
4888,False,False,False
4918,True,True,True
4935,True,True,True
4937,True,True,True
4946,False,False,False
4947,True,True,True
4954,True,True,True
4957,True,True,True
4958,True,False,True
4959,True,True,True
4964,False,False,False
5003,True,True,True
5004,True,True,True
5005,True,False,True
5014,True,True,True
5015,True,True,True
5023,True,True,True
5048,True,False,True
5052,True,True,True
5059,True,True,True
5067,True,True,True
5073,True,True,True
5095,True,True,True
5096,True,False,True
5132,True,True,True
5139,True,True,True
5142,True,True,True
5145,True,True,True
5149,True,True,True
5150,True,True,True
5174,True,True,True
5175,True,True,True
5177,True,True,True
5185,True,True,True
5192,True,True,True
5195,True,True,True
5202,True,False,True
5203,True,True,True
5208,True,True,True
5209,True,True,True
5213,True,True,True
5223,True,False,True
5227,True,True,True
5232,True,True,True
5233,True,True,True
5235,True,True,True
5248,True,True,True
5254,True,True,True
5258,True,False,True
5259,True,False,True
5264,True,True,True
5268,False,True,False
5272,True,True,True
5275,True,True,True
5277,True,True,True
5279,True,True,True
5285,False,True,False
5292,True,True,True
5298,True,False,True
5311,True,False,True
5312,True,True,True
5326,True,False,True
5327,True,True,True
5329,True,True,True
5330,True,True,True
5335,True,False,True
5342,True,True,True
5343,True,True,True
5346,True,True,True
5347,True,True,True
5349,True,True,True
5360,True,True,True
5366,True,True,True
5368,True,True,True
5400,True,True,True
5401,True,False,True
5407,False,False,False
5411,True,False,True
5423,True,True,True
5427,True,True,True
5429,True,False,True
5430,True,True,True
5431,True,True,True
5432,True,True,True
5438,True,True,True
5447,True,True,True
5450,True,False,True
5461,True,True,True
5463,False,False,False
5495,True,True,True
5502,True,False,True
5503,True,False,True
5505,False,True,False
5506,True,True,True
5509,True,False,True
5512,False,False,False
5523,True,True,True
5525,True,True,True
5529,False,True,False
5540,True,True,True
5541,True,True,True
5542,True,True,True
5545,True,True,True
5553,True,True,True
5571,True,True,True
5581,True,True,True
5583,True,True,True
5584,True,True,True
5592,True,True,True
5595,True,False,True
5602,True,True,True
5612,True,True,True
5616,True,False,True
5633,True,True,True
5637,True,True,True
5639,True,True,True
5644,False,False,False
5656,True,True,True
5667,True,True,True
5672,True,False,True
5673,True,True,True
5674,True,True,True
5685,True,True,True
5701,True,True,True
5705,False,False,False
5707,True,True,True
5708,True,True,True
5723,True,True,True
5729,True,True,True
5737,True,True,True
5742,True,True,True
5750,True,True,True
5752,True,True,True
5756,True,True,True
5759,True,True,True
5765,True,False,True
5771,True,True,True
5776,True,True,True
5792,True,True,True
5800,True,True,True
5801,True,True,True
5806,False,True,False
5811,True,True,True
5813,True,True,True
5818,True,False,True
5826,True,True,True
5836,True,True,True
5854,True,False,True
5859,True,True,True
5867,True,True,True
5891,True,False,True
5892,True,False,True
5895,True,True,True
5906,True,True,True
5909,False,False,False
5925,True,True,True
5926,False,True,False
5933,True,True,True
5934,True,True,True
5941,True,True,True
5945,True,True,True
5950,True,True,True
5964,True,True,True
5966,True,True,True
5991,True,True,True
6006,True,True,True
6014,True,True,True
6026,True,False,True
6031,True,False,True
6033,True,False,True
6034,True,False,True
6041,False,False,False
6042,True,False,True
6044,True,True,True
6046,False,True,False
6049,True,True,True
6055,False,False,False
6062,True,True,True
6063,True,False,True
6066,True,True,True
6079,True,True,True
6085,True,True,True
6086,True,True,True
6089,True,False,True
6090,True,True,True
6096,True,True,True
6102,True,True,True
6125,True,True,True
6127,True,True,True
6129,True,True,True
6141,True,False,True
6151,True,True,True
6158,True,True,True
6167,True,True,True
6176,True,False,True
6179,True,True,True
6188,True,True,True
6194,True,True,True
6199,True,True,True
6200,True,True,True
6204,True,True,True
6208,True,True,True
6211,True,True,True
6226,True,True,True
6231,True,True,True
6238,True,True,True
6246,True,True,True
6249,True,False,True
6254,True,False,True
6257,True,True,True
6268,True,True,True
6276,True,True,True
6279,True,True,True
6281,True,True,True
6286,True,True,True
6298,True,True,True
6299,True,True,True
6303,True,False,True
6311,True,True,True
6314,True,True,True
6322,True,True,True
6323,True,True,True
6334,True,False,True
6341,True,True,True
6343,True,True,True
6359,True,True,True
6371,True,True,True
6381,True,True,True
6390,True,True,True
6395,True,True,True
6399,True,True,True
6400,True,False,True
6413,False,False,False
6427,True,True,True
6428,True,True,True
6437,True,True,True
6447,True,True,True
6453,True,True,True
6460,True,True,True
6467,True,True,True
6482,True,True,True
6483,True,True,True
6485,True,False,True
6487,True,True,True
6490,True,True,True
6512,True,True,True
6515,True,True,True
6518,True,True,True
6532,True,True,True
6549,True,True,True
6553,True,True,True
6558,True,True,True
6561,True,False,True
6565,True,False,True
6577,True,True,True
6583,True,False,True
6590,True,True,True
6591,True,False,True
6596,True,True,True
6597,True,True,True
6601,True,False,True
6605,True,True,True
6607,True,True,True
6624,True,True,True
6631,True,True,True
6643,True,True,True
6647,True,False,True
6654,True,True,True
6671,True,True,True
6679,True,True,True
6683,True,False,True
6689,True,False,True
6694,True,False,True
6698,True,False,True
6726,True,False,True
6734,True,True,True
6742,True,True,True
6747,True,False,True
6748,True,True,True
6756,True,True,True
6758,True,True,True
6762,True,True,True
6769,True,True,True
6770,True,True,True
6772,True,True,True
6779,True,True,True
6784,True,False,True
6787,True,True,True
6790,False,False,False
6795,True,False,True
6796,True,True,True
6815,True,True,True
6816,True,True,True
6821,True,True,True
6824,True,False,True
6833,True,True,True
6837,True,True,True
6839,True,True,True
6840,True,False,True
6852,False,False,False
6855,True,False,True
6864,True,False,True
6876,True,True,True
6878,False,False,False
6894,True,False,True
6906,True,True,True
6908,True,True,True
6911,True,False,True
6922,True,False,True
6924,True,True,True
6927,True,True,True
6933,True,True,True
6935,True,True,True
6941,True,False,True
6942,True,False,True
6943,True,True,True
6952,True,True,True
6970,True,True,True
6971,True,True,True
6972,True,True,True
6983,True,True,True
6986,True,True,True
6990,True,True,True
6994,True,True,True
6999,True,True,True
7001,True,True,True
7005,True,True,True
7033,True,True,True
7041,True,False,True
7044,True,True,True
7051,True,False,True
7055,True,True,True
7061,False,False,False
7063,True,True,True
7067,True,True,True
7072,True,True,True
7074,True,True,True
7080,True,True,True
7105,True,True,True
7106,True,True,True
7109,True,True,True
7116,True,True,True
7120,True,True,True
7123,True,True,True
7151,True,True,True
7157,True,True,True
7161,True,True,True
7164,True,True,True
7166,False,False,False
7177,True,True,True
7192,True,False,True
7195,True,True,True
7206,True,False,True
7207,True,True,True
7215,True,True,True
7216,True,True,True
7228,True,True,True
7229,True,True,True
7231,True,True,True
7236,True,False,True
7237,True,False,True
7241,True,False,True
7247,True,True,True
7253,True,True,True
7262,True,True,True
7264,True,True,True
7271,True,True,True
7273,True,True,True
7277,True,True,True
7279,True,True,True
7283,True,True,True
7289,True,True,True
7301,True,True,True
7303,True,False,True
7306,True,False,True
7318,True,True,True
7322,True,True,True
7334,True,True,True
7336,True,True,True
7346,True,True,True
7351,True,True,True
7358,True,True,True
7362,True,True,True
7363,True,False,True
7370,False,False,False
7378,True,True,True
7391,True,True,True
7393,True,False,True
7400,True,True,True
7408,True,True,True
7412,True,True,True
7421,True,True,True
7424,True,True,True
7434,True,False,True
7444,True,True,True
7445,True,True,True
7446,True,False,True
7447,True,True,True
7456,True,False,True
7457,True,True,True
7484,True,True,True
7486,True,False,True
7494,True,True,True
7503,True,True,True
7504,True,True,True
7507,True,True,True
7509,True,True,True
7513,True,False,True
7519,True,True,True
7522,True,False,True
7538,True,False,True
7550,True,True,True
7570,True,False,True
7593,True,True,True
7600,True,False,True
7613,True,True,True
7632,False,False,False
7637,False,False,False
7666,True,True,True
7678,False,False,False
7696,True,True,True
7707,True,True,True
7737,True,True,True
7738,True,True,True
7739,True,False,True
7750,True,True,True
7761,True,False,True
7773,False,True,False
7779,True,True,True
7780,True,True,True
7781,True,True,True
7791,False,False,False
7802,True,True,True
7822,True,True,True
7823,True,True,True
7829,True,True,True
7832,True,True,True
7836,True,True,True
7839,False,False,False
7847,True,True,True
7863,True,True,True
7871,True,True,True
7877,True,True,True
7885,True,True,True
7889,True,True,True
7894,True,False,True
7898,True,True,True
7901,True,False,True
7909,True,False,True
7920,True,True,True
7926,True,True,True
7930,True,True,True
7946,True,True,True
7947,True,True,True
7951,True,True,True
7956,True,True,True
7960,True,True,True
7967,True,False,True
7980,True,True,True
7981,False,False,False
7983,False,False,False
7991,True,False,True
7993,True,True,True
7994,True,True,True
8002,False,False,False
8006,True,False,True
8016,True,True,True
8017,True,True,True
8022,True,True,True
8027,True,True,True
8030,True,False,True
8033,True,True,True
8050,True,True,True
8071,True,True,True
8076,True,True,True
8078,True,True,True
8081,True,True,True
8092,True,True,True
8098,True,True,True
8104,True,True,True
8125,True,True,True
8126,True,True,True
8128,True,False,True
8137,False,False,False
8155,True,False,True
8158,True,True,True
8164,True,True,True
8165,True,True,True
8170,True,True,True
8176,True,False,True
8177,True,True,True
8179,True,False,True
8186,True,True,True
8194,True,False,True
8195,True,True,True
8196,True,True,True
8209,True,True,True
8213,True,True,True
8228,True,True,True
8238,True,True,True
8242,False,True,False
8260,True,True,True
8266,True,True,True
8270,False,False,False
8273,True,False,True
8279,True,True,True
8281,True,False,True
8283,True,True,True
8285,True,True,True
8286,True,True,True
8305,True,True,True
8306,True,False,True
8315,True,True,True
8317,True,False,True
8327,True,False,True
8328,False,False,False
8330,True,True,True
8333,True,True,True
8345,True,True,True
8347,False,False,False
8349,True,True,True
8361,True,True,True
8373,False,True,False
8398,True,True,True
8400,True,True,True
8403,True,True,True
8415,True,True,True
8425,True,True,True
8436,True,False,True
8445,True,False,True
8448,False,False,False
8451,True,True,True
8458,True,True,True
8461,True,False,True
8467,True,False,True
8473,True,True,True
8481,True,True,True
8487,True,False,True
8493,True,True,True
8494,True,False,True
8498,True,False,True
8499,True,True,True
8505,True,True,True
8512,True,True,True
8521,True,False,True
8534,True,False,True
8535,True,True,True
8539,True,True,True
8560,True,True,True
8562,True,True,True
8569,True,True,True
8578,True,False,True
8581,True,True,True
8593,True,True,True
8610,True,True,True
8620,True,True,True
8624,True,True,True
8626,True,True,True
8627,True,True,True
8632,True,False,True
8639,True,False,True
8646,True,True,True
8653,True,True,True
8656,True,False,True
8661,True,False,True
8664,True,True,True
8674,True,True,True
8686,True,False,True
8687,False,False,False
8691,True,True,True
8692,True,True,True
8695,True,False,True
8696,True,True,True
8700,True,False,True
8703,True,True,True
8707,True,True,True
8713,True,True,True
8724,True,False,True
8726,True,True,True
8727,True,False,True
8739,True,True,True
8745,True,True,True
8746,True,False,True
8749,True,False,True
8750,True,False,True
8759,True,True,True
8767,True,False,True
8774,True,True,True
8782,True,True,True
8786,True,True,True
8787,True,True,True
8790,True,True,True
8791,True,True,True
8792,True,False,True
8800,True,False,True
8824,True,True,True
8835,True,False,True
8854,False,True,False
8860,True,True,True
8862,True,True,True
8863,True,True,True
8868,True,True,True
8870,True,False,True
8872,True,True,True
8875,True,True,True
8887,True,True,True
8903,True,True,True
8911,True,True,True
8913,True,True,True
8915,True,True,True
8916,True,True,True
8928,True,False,True
8943,True,True,True
8944,True,True,True
8955,True,True,True
8958,True,True,True
8973,True,True,True
8975,True,True,True
8986,True,False,True
8989,True,True,True
8990,True,True,True
9000,True,True,True
9005,True,True,True
9006,True,True,True
9008,True,True,True
9013,True,False,True
9022,False,False,False
9044,True,True,True
9064,True,True,True
9065,True,True,True
9068,True,True,True
9087,True,True,True
9088,True,True,True
9097,True,True,True
9098,True,True,True
9100,True,True,True
9102,True,True,True
9103,True,False,True
9105,True,False,True
9114,True,True,True
9116,True,True,True
9125,True,False,True
9131,True,True,True
9137,True,True,True
9145,True,True,True
9151,True,True,True
9159,True,True,True
9160,True,True,True
9172,True,True,True
9175,True,True,True
9185,True,True,True
9186,False,False,False
9193,True,False,True
9194,True,True,True
9198,True,True,True
9214,True,True,True
9225,True,False,True
9233,True,True,True
9238,True,True,True
9239,True,True,True
9252,True,True,True
9256,True,False,True
9273,False,False,False
9282,True,False,True
9284,True,True,True
9287,True,True,True
9289,True,True,True
9298,False,False,False
9299,True,False,True
9318,True,True,True
9323,True,False,True
9333,True,True,True
9343,True,False,True
9344,True,False,True
9353,True,True,True
9360,True,True,True
9361,True,True,True
9365,False,False,False
9366,True,True,True
9371,True,True,True
9372,True,True,True
9382,True,True,True
9387,False,False,False
9394,True,True,True
9398,True,True,True
9402,True,False,True
9404,True,True,True
9405,True,True,True
9408,True,True,True
9411,True,False,True
9422,True,True,True
9437,True,True,True
9464,True,False,True
9465,True,True,True
9476,True,True,True
9488,True,False,True
9497,True,True,True
9500,False,True,False
9503,True,False,True
9506,True,True,True
9508,True,True,True
9509,True,True,True
9516,True,True,True
9518,True,True,True
9519,True,True,True
9522,True,False,True
9528,True,False,True
9539,True,True,True
9540,True,True,True
9543,True,True,True
9545,True,True,True
9546,True,True,True
9550,True,True,True
9552,False,True,False
9554,True,True,True
9555,True,True,True
9560,True,True,True
9564,True,False,True
9573,True,False,True
9577,False,False,False
9585,True,True,True
9591,True,True,True
9602,True,True,True
9618,True,False,True
9619,True,False,True
9623,True,True,True
9625,True,False,True
9636,True,False,True
9655,True,True,True
9656,True,False,True
9666,True,False,True
9673,True,True,True
9685,True,True,True
9687,True,True,True
9692,False,False,False
9693,True,False,True
9697,True,True,True
9699,True,True,True
9706,True,True,True
9714,True,True,True
9724,True,False,True
9733,True,True,True
9742,True,True,True
9746,True,True,True
9750,True,True,True
9751,True,True,True
9760,True,True,True
9765,True,True,True
9768,True,False,True
9790,True,True,True
9798,True,False,True
9802,True,False,True
9810,True,True,True
9811,True,True,True
9822,True,False,True
9823,True,True,True
9825,True,True,True
9827,True,True,True
9830,True,True,True
9835,True,True,True
9839,True,True,True
9844,True,True,True
9867,True,True,True
9870,True,False,True
9876,True,True,True
9878,True,False,True
9884,True,True,True
9897,True,False,True
9903,True,True,True
9931,True,False,True
9933,True,True,True
9935,True,False,True
9937,True,True,True
9940,False,False,False
9943,True,False,True
9945,True,True,True
9950,True,False,True
9955,True,True,True
9960,True,True,True
9961,True,True,True
9973,True,True,True
9977,True,True,True
9985,True,True,True
9986,True,True,True
9989,True,True,True
9992,True,True,True
9993,True,True,True
10002,True,True,True
10004,True,True,True
10005,True,False,True
10008,True,False,True
10022,True,True,True
10044,True,True,True
10050,True,True,True
10053,True,False,True
10070,True,True,True
10080,True,True,True
10081,True,True,True
10090,True,True,True
10094,True,True,True
10098,True,True,True
10112,True,True,True
10120,True,True,True
10139,True,True,True
10140,True,False,True
10146,True,True,True
10152,True,True,True
10153,True,True,True
10157,True,False,True
10175,True,True,True
10179,True,False,True
10182,True,True,True
10183,False,False,False
10184,False,False,False
10186,True,True,True
10189,True,True,True
10193,True,True,True
10201,True,True,True
10204,True,False,True
10209,True,True,True
10211,True,True,True
10219,False,False,False
10220,True,True,True
10223,True,False,True
10224,True,True,True
10246,True,False,True
10250,True,True,True
10262,True,True,True
10285,True,True,True
10321,True,True,True
10329,False,False,False
10333,True,True,True
10335,True,False,True
10338,True,True,True
10342,True,True,True
10345,True,True,True
10352,True,False,True
10366,True,True,True
10367,True,True,True
10374,True,True,True
10377,True,True,True
10385,True,False,True
10392,True,True,True
10395,True,True,True
10397,True,True,True
10402,True,True,True
10408,False,False,False
10423,True,True,True
10429,True,True,True
10436,True,True,True
10440,True,True,True
10446,True,False,True
10453,True,True,True
10457,True,True,True
10459,True,True,True
10470,True,True,True
10489,False,False,False
10492,True,True,True
10494,True,True,True
10511,True,False,True
10527,True,False,True
10533,True,True,True
10537,True,False,True
10543,True,True,True
10544,True,True,True
10545,True,True,True
10546,True,True,True
10551,True,True,True
10552,True,True,True
10560,True,True,True
10570,True,True,True
10575,False,False,False
10577,True,True,True
10578,True,True,True
10584,True,True,True
10587,True,True,True
10598,True,True,True
10599,True,True,True
10606,True,True,True
10620,False,False,False
10627,True,True,True
10629,True,True,True
10640,True,False,True
10642,True,True,True
10644,True,True,True
10652,True,False,True
10655,True,True,True
10662,True,True,True
10673,True,True,True
10686,True,True,True
10693,True,True,True
10711,True,True,True
10723,True,True,True
10726,True,False,True
10731,True,True,True
10736,True,False,True
10739,True,True,True
10740,True,False,True
10746,True,True,True
10759,True,True,True
10779,True,True,True
10780,True,True,True
10782,True,True,True
10802,True,False,True
10803,True,False,True
10813,False,False,False
10815,True,False,True
10822,True,True,True
10824,True,True,True
10827,True,True,True
10832,True,True,True
10837,True,True,True
10841,True,True,True
10844,False,False,False
10845,False,False,False
10858,True,True,True
10859,True,True,True
10866,True,True,True
10880,True,True,True
10881,False,False,False
10893,True,True,True
10895,True,True,True
10899,True,True,True
10904,True,True,True
10906,False,False,False
10914,True,True,True
10919,True,True,True
10923,True,False,True
10925,True,False,True
10926,False,False,False
10931,True,True,True
10933,False,False,False
10934,True,True,True
10937,True,True,True
10940,True,False,True
10961,True,True,True
10964,True,True,True
10966,True,True,True
10981,True,False,True
10984,True,True,True
10991,True,True,True
10994,True,True,True
11012,True,True,True
11021,True,True,True
11028,True,True,True
11031,False,True,False
11033,True,False,True
11035,False,False,False
11038,False,False,False
11052,True,True,True
11054,True,False,True
11055,True,False,True
11063,True,False,True
11066,True,True,True
11073,True,True,True
11081,True,True,True
11090,True,True,True
11098,True,True,True
11123,False,False,False
11132,True,True,True
11133,True,True,True
11136,True,True,True
11141,True,True,True
11159,True,True,True
11160,True,True,True
11176,True,True,True
11177,True,True,True
11185,True,True,True
11189,True,True,True
11190,False,False,False
11195,True,True,True
11196,True,True,True
11199,True,True,True
11212,True,True,True
11216,True,True,True
11219,True,True,True
11220,False,False,False
11221,True,True,True
11226,True,True,True
11228,True,False,True
11236,True,True,True
11244,True,True,True
11255,True,True,True
11272,True,True,True
11276,True,True,True
11277,True,True,True
11283,True,True,True
11285,True,True,True
11298,True,True,True
11301,True,True,True
11306,True,True,True
11307,True,True,True
11324,True,True,True
11337,True,True,True
11351,True,True,True
11357,True,True,True
11358,False,False,False
11375,True,False,True
11377,True,True,True
11381,True,False,True
11384,True,True,True
11388,True,True,True
11398,True,True,True
11403,True,True,True
11409,True,True,True
11413,True,True,True
11421,True,True,True
11423,True,True,True
11433,True,True,True
11440,True,True,True
11450,True,True,True
11453,True,False,True
11454,True,True,True
11468,False,False,False
11486,True,True,True
11498,True,True,True
11506,True,False,True
11509,True,False,True
11510,True,True,True
11512,True,True,True
11517,True,True,True
11519,True,True,True
11520,True,False,True
11521,True,True,True
11522,True,True,True
11535,True,False,True
11540,True,False,True
11555,True,False,True
11556,True,True,True
11579,True,True,True
11581,False,True,False
11595,True,True,True
11604,True,True,True
11607,True,True,True
11608,False,False,False
11631,True,False,True
11642,True,True,True
11646,True,False,True
11647,True,True,True
11654,True,True,True
11663,True,False,True
11664,True,True,True
11665,True,True,True
11669,True,True,True
11680,True,True,True
11681,True,True,True
11687,False,False,False
11688,True,True,True
11691,True,True,True
11704,False,False,False
11720,True,True,True
11724,True,True,True
11746,True,False,True
11755,True,False,True
11757,True,False,True
11758,True,True,True
11763,True,True,True
11771,False,False,False
11774,True,True,True
11784,True,True,True
11797,True,True,True
11808,True,False,True
11820,True,True,True
11829,True,True,True
11835,True,True,True
11840,False,False,False
11841,True,False,True
11852,True,True,True
11857,True,True,True
11866,True,False,True
11869,True,False,True
11883,True,True,True
11909,True,True,True
11918,True,True,True
11923,True,True,True
11952,True,True,True
11961,True,False,True
11962,True,True,True
11968,True,True,True
11969,False,False,False
11971,True,True,True
11972,True,True,True
11973,True,True,True
11988,True,True,True
11990,True,True,True
12004,True,True,True
12018,True,True,True
12019,True,False,True
12030,True,True,True
12033,True,True,True
12035,True,True,True
12039,True,True,True
12044,True,True,True
12045,True,True,True
12047,True,True,True
12049,True,False,True
12062,True,True,True
12079,True,True,True
12088,False,False,False
12089,True,True,True
12107,True,False,True
12110,True,False,True
12114,True,True,True
12122,True,True,True
12127,True,True,True
12136,True,False,True
12138,True,True,True
12153,True,True,True
12157,True,True,True
12159,True,False,True
12161,True,True,True
12162,True,True,True
12173,True,True,True
12175,True,True,True
12178,True,True,True
12179,True,True,True
12188,True,False,True
12204,True,True,True
12215,True,True,True
12217,True,True,True
12219,True,True,True
12222,True,False,True
12225,True,True,True
12227,True,False,True
12236,True,True,True
12237,True,False,True
12239,True,False,True
12240,True,True,True
12246,True,True,True
12249,True,True,True
12250,True,True,True
12255,True,True,True
12268,True,True,True
12274,True,True,True
12276,False,False,False
12280,True,True,True
12283,True,True,True
12284,True,True,True
12292,True,False,True
12293,True,True,True
12294,True,True,True
12306,False,False,False
12316,True,False,True
12317,True,True,True
12322,True,True,True
12335,True,True,True
12341,True,True,True
12354,True,True,True
12361,True,True,True
12362,True,True,True
12365,True,False,True
12386,True,True,True
12390,True,True,True
12391,True,True,True
12393,True,True,True
12394,True,True,True
12397,True,True,True
12414,True,False,True
12426,True,True,True
12427,True,True,True
12431,True,True,True
12432,True,True,True
12435,True,False,True
12437,True,True,True
12441,True,True,True
12444,True,True,True
12446,True,False,True
12449,True,True,True
12456,True,False,True
12474,True,True,True
12475,True,True,True
12486,True,True,True
12487,True,False,True
12495,True,True,True
12500,False,False,False
12506,False,True,False
12545,True,True,True
12547,True,True,True
12548,True,True,True
12551,True,True,True
12552,True,False,True
12556,True,False,True
12557,True,True,True
12587,True,True,True
12589,True,True,True
12590,True,True,True
12593,True,True,True
12613,True,True,True
12618,True,True,True
12619,True,False,True
12622,True,True,True
12633,True,True,True
12636,True,True,True
12637,True,False,True
12638,True,False,True
12644,True,True,True
12651,True,True,True
12655,True,False,True
12682,True,True,True
12691,True,True,True
12699,True,True,True
12703,True,False,True
12722,True,False,True
12734,True,True,True
12746,True,True,True
12750,True,True,True
12759,False,True,False
12766,True,False,True
12774,True,True,True
12783,True,True,True
12791,True,False,True
12805,True,True,True
12806,True,False,True
12819,True,True,True
12831,False,False,False
12837,True,True,True
12846,True,True,True
12847,True,True,True
12852,True,True,True
12866,True,False,True
12870,True,False,True
12882,True,True,True
12895,True,False,True
12899,True,True,True
12902,True,True,True
12903,True,False,True
12909,True,True,True
12910,True,True,True
12911,True,False,True
12916,True,False,True
12929,True,False,True
12938,True,True,True
12942,True,True,True
12945,True,True,True
12952,True,True,True
12960,False,False,False
12963,True,False,True
12975,True,True,True
12983,False,False,False
12984,True,True,True
12985,True,True,True
12986,True,True,True
12992,False,False,False
12995,True,True,True
13000,True,False,True
13004,True,True,True
13008,True,True,True
13018,False,False,False
13020,True,True,True
13022,True,False,True
13042,True,True,True
13044,True,True,True
13053,True,True,True
13056,True,True,True
13061,True,True,True
13063,False,False,False
13065,True,False,True
13068,True,False,True
13070,True,False,True
13071,False,True,False
13084,False,False,False
13086,True,True,True
13103,True,True,True
13105,True,False,True
13109,False,False,False
13118,True,False,True
13125,True,True,True
13131,True,False,True
13142,True,True,True
13146,True,True,True
13147,True,True,True
13148,True,True,True
13150,True,False,True
13153,True,True,True
13154,True,True,True
13155,True,True,True
13165,True,True,True
13171,True,False,True
13179,True,False,True
13188,True,False,True
13191,True,True,True
13196,True,True,True
13197,True,False,True
13210,True,False,True
13223,True,False,True
13231,True,True,True
13237,True,True,True
13246,True,False,True
13255,False,True,False
13256,True,True,True
13272,True,True,True
13278,True,True,True
13283,True,False,True
13293,True,True,True
13296,True,False,True
13297,True,True,True
13300,True,True,True
13313,True,True,True
13315,True,True,True
13320,True,True,True
13334,True,False,True
13339,True,True,True
13340,True,True,True
13345,True,False,True
13346,True,True,True
13357,True,True,True
13364,True,True,True
13365,True,False,True
13374,True,False,True
13382,True,False,True
13394,True,True,True
13395,True,True,True
13402,True,True,True
13410,False,False,False
13413,True,False,True
13416,True,True,True
13417,True,True,True
13422,True,True,True
13427,True,True,True
13445,True,False,True
13446,True,True,True
13456,True,True,True
13457,True,True,True
13458,True,True,True
13463,True,True,True
13466,True,True,True
13468,True,False,True
13470,True,True,True
13474,True,True,True
13480,True,True,True
13481,True,True,True
13488,True,True,True
13506,True,True,True
13516,True,True,True
13518,True,True,True
13522,True,True,True
13526,True,True,True
13552,True,True,True
13562,True,True,True
13566,True,True,True
13575,True,True,True
13579,True,True,True
13581,True,True,True
13586,True,False,True
13589,True,True,True
13594,True,True,True
13602,True,False,True
13610,True,True,True
13621,True,True,True
13625,True,True,True
13630,True,False,True
13633,True,True,True
13643,True,True,True
13646,True,True,True
13653,False,False,False
13665,True,True,True
13679,True,True,True
13686,True,True,True
13692,True,True,True
13701,True,True,True
13705,True,True,True
13707,True,True,True
13709,True,True,True
13713,True,True,True
13717,True,True,True
13720,True,True,True
13739,True,True,True
13744,True,False,True
13754,True,False,True
13755,True,True,True
13757,True,True,True
13779,True,True,True
13787,True,True,True
13793,True,True,True
13806,True,True,True
13817,True,True,True
13824,True,True,True
13837,True,True,True
13842,True,True,True
13843,True,False,True
13857,True,True,True
13869,True,False,True
13870,True,False,True
13874,True,False,True
13881,True,True,True
13888,True,False,True
13890,True,True,True
13902,True,True,True
13911,True,False,True
13919,True,True,True
13932,True,False,True
13933,True,True,True
13934,True,False,True
13937,True,False,True
13939,True,True,True
13969,True,True,True
13972,True,True,True
13977,True,True,True
13979,True,True,True
13985,True,True,True
13987,True,True,True
14000,True,True,True
14001,False,True,False
14003,True,True,True
14014,True,True,True
14015,True,True,True
14017,True,True,True
14018,True,True,True
14020,True,True,True
14024,True,False,True
14026,True,True,True
14031,True,True,True
14034,True,True,True
14039,True,True,True
14044,True,True,True
14049,True,True,True
14071,True,True,True
14084,True,True,True
14094,True,True,True
14108,True,False,True
14110,True,True,True
14111,True,False,True
14112,True,False,True
14116,True,True,True
14124,True,True,True
14125,True,False,True
14135,True,True,True
14141,True,True,True
14146,True,True,True
14152,True,True,True
14164,True,True,True
14165,True,True,True
14166,True,True,True
14172,False,False,False
14177,True,False,True
14182,True,True,True
14191,True,True,True
14194,True,True,True
14195,True,True,True
14200,True,True,True
14214,True,True,True
14229,True,True,True
14239,True,True,True
14249,True,True,True
14252,True,True,True
14253,True,True,True
14254,True,True,True
14260,True,True,True
14281,True,False,True
14286,True,True,True
14291,True,True,True
14301,True,False,True
14308,True,False,True
14317,True,False,True
14333,True,True,True
14339,True,True,True
14346,True,False,True
14357,True,True,True
14360,True,True,True
14372,True,True,True
14373,True,True,True
14377,True,True,True
14379,False,False,False
14391,True,True,True
14392,True,True,True
14398,True,True,True
14400,True,True,True
14407,True,True,True
14416,True,True,True
14419,True,True,True
14421,True,True,True
14446,True,True,True
14466,True,True,True
14469,True,False,True
14479,True,True,True
14481,False,True,False
14495,True,True,True
14506,True,False,True
14507,True,True,True
14512,True,True,True
14515,True,True,True
14521,True,True,True
14551,True,True,True
14556,True,True,True
14563,False,False,False
14572,True,True,True
14575,True,False,True
14580,True,True,True
14585,True,True,True
14589,True,False,True
14594,True,True,True
14597,True,True,True
14598,True,False,True
14600,True,True,True
14606,True,True,True
14611,True,False,True
14612,True,True,True
14619,True,False,True
14620,True,True,True
14629,True,True,True
14631,True,False,True
14637,True,True,True
14641,True,True,True
14647,True,True,True
14651,True,True,True
14658,True,True,True
14661,True,True,True
14668,True,False,True
14674,True,False,True
14679,True,False,True
14681,True,True,True
14686,True,True,True
14692,False,False,False
14693,True,True,True
14697,True,True,True
14707,True,True,True
14709,True,True,True
14719,True,False,True
14720,True,True,True
14721,True,True,True
14723,True,False,True
14724,True,True,True
14727,True,False,True
14734,True,True,True
14739,True,True,True
14740,True,True,True
14741,True,True,True
14743,True,True,True
14748,True,True,True
14753,True,True,True
14757,True,False,True
14772,True,True,True
14803,True,True,True
14806,True,True,True
14831,True,True,True
14845,False,False,False
14856,True,False,True
14864,True,False,True
14874,True,True,True
14885,True,False,True
14886,True,True,True
14894,True,True,True
14895,True,True,True
14903,True,True,True
14909,True,True,True
14911,True,True,True
14918,True,True,True
14927,True,True,True
14931,True,False,True
14937,True,False,True
14950,True,True,True
14959,False,False,False
14962,True,True,True
14964,True,True,True
14965,True,False,True
14977,True,True,True
14980,True,True,True
14985,True,True,True
14986,True,False,True
14989,True,True,True
14993,True,True,True
14998,True,True,True
15007,True,True,True
15011,True,True,True
15029,True,True,True
15035,True,True,True
15038,True,False,True
15044,True,True,True
15046,True,True,True
15047,True,True,True
15048,True,True,True
15054,True,True,True
15070,False,False,False
15074,True,True,True
15079,True,True,True
15080,True,False,True
15094,True,False,True
15095,True,True,True
15096,True,True,True
15104,True,False,True
15107,True,True,True
15113,True,True,True
15124,True,True,True
15130,True,False,True
15138,True,True,True
15143,True,True,True
15159,True,True,True
15169,True,True,True
15184,True,True,True
15187,True,True,True
15195,True,True,True
15205,True,False,True
15211,True,True,True
15224,True,True,True
15225,True,True,True
15229,True,True,True
15234,True,False,True
15241,True,True,True
15245,True,True,True
15255,True,False,True
15279,True,True,True
15281,True,True,True
15285,True,True,True
15296,True,True,True
15297,True,True,True
15298,True,True,True
15321,True,True,True
15328,True,True,True
15335,True,False,True
15341,True,True,True
15345,True,True,True
15347,True,False,True
15352,True,True,True
15353,False,False,False
15355,True,False,True
15363,True,True,True
15365,True,True,True
15374,True,True,True
15377,True,True,True
15388,True,True,True
15390,True,True,True
15404,True,True,True
15406,True,True,True
15411,False,False,False
15415,True,True,True
15421,True,True,True
15434,False,True,False
15436,False,False,False
15441,True,False,True
15445,True,True,True
15453,True,True,True
15462,True,False,True
15471,True,True,True
15475,True,True,True
15486,True,True,True
15487,True,True,True
15491,True,True,True
15497,True,True,True
15501,False,False,False
15502,True,True,True
15506,True,True,True
15510,True,False,True
15534,False,False,False
15535,False,False,False
15539,True,True,True
15550,True,True,True
15561,True,True,True
15563,True,True,True
15564,True,True,True
15565,True,True,True
15566,True,True,True
15576,True,True,True
15581,True,True,True
15584,True,True,True
15587,True,False,True
15588,True,True,True
15604,True,True,True
15612,True,True,True
15625,True,True,True
15626,True,True,True
15627,True,True,True
15633,True,True,True
15636,True,True,True
15638,True,True,True
15647,True,True,True
15653,True,False,True
15657,True,False,True
15664,True,True,True
15665,True,True,True
15668,True,False,True
15676,False,False,False
15678,True,True,True
15684,True,True,True
15685,True,True,True
15708,True,True,True
15720,True,True,True
15722,True,False,True
15726,True,True,True
15736,True,False,True
15743,True,True,True
15749,True,True,True
15759,True,False,True
15770,True,True,True
15771,True,True,True
15780,True,True,True
15787,True,True,True
15788,True,True,True
15793,True,False,True
15797,True,True,True
15799,True,True,True
15802,True,True,True
15807,True,False,True
15817,True,True,True
15818,True,True,True
15820,True,False,True
15824,True,False,True
15825,True,True,True
15833,True,True,True
15837,True,True,True
15839,True,True,True
15841,True,True,True
15849,True,True,True
15852,True,True,True
15856,True,True,True
15859,True,True,True
15861,True,True,True
15863,False,False,False
15870,True,True,True
15872,True,True,True
15873,True,False,True
15882,True,True,True
15885,True,False,True
15895,True,True,True
15902,True,False,True
15904,True,True,True
15909,True,True,True
15912,True,False,True
15928,True,True,True
15930,True,True,True
15938,True,False,True
15944,True,False,True
15952,True,True,True
15974,True,True,True
15977,True,True,True
15981,True,True,True
15982,True,True,True
15983,True,True,True
15987,True,True,True
15994,True,False,True
16007,True,False,True
16014,True,True,True
16048,True,True,True
16051,True,True,True
16053,True,True,True
16055,True,True,True
16063,True,True,True
16066,True,False,True
16071,False,True,False
16084,True,True,True
16095,True,True,True
16096,True,True,True
16102,True,True,True
16106,True,True,True
16113,True,False,True
16131,True,True,True
16137,True,True,True
16148,True,True,True
16155,True,True,True
16168,True,True,True
16204,True,True,True
16210,True,True,True
16215,True,False,True
16216,True,False,True
16221,True,True,True
16226,True,True,True
16231,True,True,True
16234,True,True,True
16235,True,True,True
16245,True,True,True
16246,True,True,True
16251,True,True,True
16252,True,True,True
16264,True,True,True
16266,True,True,True
16295,True,True,True
16299,True,True,True
16307,True,False,True
16317,True,False,True
16320,True,False,True
16322,True,True,True
16335,True,True,True
16343,True,True,True
16348,True,True,True
16357,True,False,True
16375,True,False,True
16381,True,True,True
16392,True,False,True
16397,True,True,True
16409,True,True,True
16428,True,True,True
16432,True,True,True
16434,True,True,True
16437,True,True,True
16438,True,False,True
16451,True,True,True
16452,True,False,True
16453,True,True,True
16454,True,True,True
16461,True,True,True
16462,True,False,True
16507,True,False,True
16513,True,True,True
16514,True,True,True
16516,True,False,True
16528,True,False,True
16544,True,True,True
16546,True,False,True
16552,True,True,True
16561,True,False,True
16565,True,True,True
16577,True,True,True
16579,True,False,True
16580,True,True,True
16581,True,True,True
16584,True,True,True
16586,True,True,True
16598,True,True,True
16600,True,True,True
16623,True,False,True
16649,True,True,True
16655,True,True,True
16660,True,True,True
16664,True,False,True
16671,True,False,True
16677,True,True,True
16687,True,False,True
16699,True,True,True
16701,True,False,True
16702,True,False,True
16732,True,True,True
16742,True,True,True
16746,True,False,True
16754,True,True,True
16761,True,True,True
16773,False,False,False
16778,True,True,True
16783,True,True,True
16787,True,False,True
16793,True,True,True
16797,True,False,True
16805,True,True,True
16809,True,True,True
16818,True,True,True
16824,True,True,True
16831,True,True,True
16854,True,True,True
16856,True,True,True
16867,True,True,True
16876,True,True,True
16877,True,False,True
16880,True,True,True
16881,True,True,True
16890,True,True,True
16896,True,False,True
16901,True,True,True
16905,True,True,True
16911,True,True,True
16915,True,True,True
16931,True,True,True
16936,True,False,True
16937,True,True,True
16939,True,True,True
16943,True,False,True
16964,True,True,True
16982,True,True,True
16988,True,True,True
16990,True,True,True
17008,True,True,True
17014,True,True,True
17041,True,True,True
17059,True,True,True
17063,True,True,True
17071,True,True,True
17079,True,True,True
17083,True,False,True
17086,True,False,True
17107,True,True,True
17113,True,True,True
17121,True,True,True
17132,True,True,True
17147,True,False,True
17159,True,True,True
17160,True,True,True
17162,True,False,True
17166,True,True,True
17172,True,True,True
17174,True,True,True
17177,True,True,True
17187,True,True,True
17199,True,True,True
17201,True,True,True
17202,True,False,True
17208,True,True,True
17215,True,True,True
17219,True,True,True
17226,True,True,True
17234,True,True,True
17249,False,True,False
17256,True,True,True
17257,True,True,True
17261,True,True,True
17262,True,True,True
17266,True,False,True
17269,True,True,True
17288,True,True,True
17294,True,True,True
17295,True,True,True
17305,True,False,True
17322,True,False,True
17337,True,True,True
17344,True,True,True
17347,True,True,True
17348,True,True,True
17362,True,True,True
17387,True,True,True
17406,True,False,True
17410,True,False,True
17418,True,True,True
17421,True,True,True
17438,True,True,True
17440,True,False,True
17443,True,True,True
17446,True,True,True
17451,True,True,True
17455,True,True,True
17458,True,True,True
17459,True,True,True
17465,True,True,True
17470,False,False,False
17474,True,False,True
17477,True,True,True
17478,True,True,True
17496,True,True,True
17497,True,True,True
17500,True,True,True
17518,True,True,True
17537,True,True,True
17539,True,False,True
17543,False,False,False
17552,True,True,True
17554,True,True,True
17556,True,True,True
17562,True,True,True
17571,False,False,False
17577,True,True,True
17590,True,False,True
17595,True,False,True
17607,True,True,True
17614,True,True,True
17619,True,True,True
17634,True,True,True
17656,True,True,True
17664,True,True,True
17678,False,False,False
17682,True,True,True
17697,True,True,True
17700,True,True,True
17702,True,True,True
17706,True,True,True
17736,True,True,True
17737,True,True,True
17741,True,True,True
17748,True,True,True
17755,True,False,True
17758,True,True,True
17759,True,False,True
17760,True,True,True
17763,True,True,True
17766,True,True,True
17772,True,False,True
17777,True,True,True
17779,True,False,True
17781,True,True,True
17782,True,False,True
17784,True,True,True
17803,True,True,True
17804,True,False,True
17819,True,True,True
17824,True,False,True
17825,True,False,True
17840,True,True,True
17841,True,True,True
17846,True,True,True
17871,True,True,True
17876,True,True,True
17889,True,True,True
17896,False,True,False
17913,True,True,True
17917,True,True,True
17919,True,True,True
17932,True,False,True
17933,True,False,True
17936,False,False,False
17938,True,False,True
17946,True,False,True
17947,True,False,True
17965,True,False,True
17977,True,False,True
17978,True,True,True
17999,True,True,True
18004,True,False,True
18010,True,True,True
18016,False,False,False
18021,True,True,True
18028,True,True,True
18029,True,True,True
18053,True,True,True
18054,True,False,True
18066,True,True,True
18092,True,True,True
18097,True,True,True
18114,True,False,True
18117,True,True,True
18131,True,True,True
18140,False,False,False
18144,True,True,True
18145,True,True,True
18147,True,False,True
18157,True,True,True
18163,True,True,True
18169,True,True,True
18175,True,True,True
18176,True,False,True
18178,True,True,True
18183,True,True,True
18187,False,True,False
18193,True,True,True
18202,True,True,True
18206,True,True,True
18207,True,False,True
18229,True,True,True
18233,True,True,True
18234,True,True,True
18244,True,False,True
18252,True,True,True
18253,True,True,True
18255,True,True,True
18263,True,True,True
18265,True,True,True
18280,True,False,True
18284,True,True,True
18291,False,False,False
18308,True,True,True
18311,True,True,True
18312,True,True,True
18314,True,True,True
18327,True,True,True
18330,True,False,True
18351,True,True,True
18357,True,True,True
18364,True,True,True
18385,True,True,True
18386,True,True,True
18388,True,True,True
18389,True,True,True
18392,True,True,True
18394,True,True,True
18399,True,True,True
18400,True,True,True
18402,True,True,True
18417,False,True,False
18419,True,True,True
18430,True,True,True
18434,True,True,True
18437,True,True,True
18454,True,True,True
18462,True,True,True
18463,True,True,True
18466,True,False,True
18479,True,True,True
18482,True,True,True
18492,True,True,True
18495,False,False,False
18512,True,True,True
18514,True,True,True
18519,True,True,True
18521,True,True,True
18530,True,True,True
18536,True,True,True
18538,True,True,True
18541,True,True,True
18554,True,True,True
18555,True,True,True
18564,True,False,True
18566,True,True,True
18575,True,False,True
18578,True,True,True
18581,True,True,True
18583,True,True,True
18593,True,True,True
18599,True,True,True
18611,True,False,True
18616,True,True,True
18619,True,False,True
18625,True,True,True
18633,True,True,True
18635,True,True,True
18642,True,False,True
18643,True,True,True
18648,True,True,True
18652,True,True,True
18653,True,True,True
18666,True,True,True
18676,True,True,True
18677,True,True,True
18678,True,True,True
18681,True,True,True
18682,True,True,True
18683,True,True,True
18698,True,True,True
18700,True,True,True
18701,True,True,True
18714,True,True,True
18716,True,True,True
18719,True,True,True
18721,True,False,True
18727,True,True,True
18762,True,True,True
18773,True,True,True
18793,True,True,True
18808,True,True,True
18813,False,False,False
18821,True,True,True
18825,True,True,True
18828,True,True,True
18830,False,False,False
18840,False,False,False
18847,True,True,True
18854,True,False,True
18855,True,True,True
18857,True,True,True
18859,True,False,True
18865,True,False,True
18869,True,True,True
18872,True,False,True
18878,False,True,False
18880,True,True,True
18886,True,True,True
18887,True,True,True
18888,True,True,True
18890,True,False,True
18897,True,True,True
18899,True,False,True
18900,True,True,True
18902,True,True,True
18911,True,True,True
18923,True,False,True
18926,True,True,True
18928,True,False,True
18930,True,True,True
18933,True,True,True
18940,True,True,True
18945,True,True,True
18947,True,True,True
18949,True,False,True
18950,True,True,True
18956,True,False,True
18958,True,False,True
18959,True,False,True
18960,True,True,True
18972,True,False,True
18975,True,True,True
18977,True,True,True
18978,True,True,True
18990,True,True,True
18993,True,True,True
19007,True,True,True
19018,True,False,True
19027,True,False,True
19034,True,True,True
19041,True,True,True
19046,True,True,True
19056,True,True,True
19057,True,True,True
19076,True,True,True
19081,True,True,True
19084,True,True,True
19097,True,True,True
19124,True,False,True
19131,True,True,True
19135,True,False,True
19149,True,True,True
19151,True,True,True
19157,True,True,True
19158,True,False,True
19159,True,True,True
19165,True,True,True
19172,True,True,True
19178,True,True,True
19195,True,False,True
19200,True,True,True
19201,True,True,True
19209,True,True,True
19211,True,True,True
19212,True,True,True
19213,True,True,True
19216,True,True,True
19218,True,False,True
19226,True,True,True
19239,True,False,True
19250,True,True,True
19254,True,True,True
19256,True,True,True
19263,True,True,True
19266,True,True,True
19272,True,True,True
19278,True,True,True
19279,True,True,True
19290,True,True,True
19294,True,True,True
19303,True,False,True
19310,True,True,True
19311,True,True,True
19314,True,True,True
19316,True,True,True
19325,False,True,False
19328,True,True,True
19334,True,True,True
19341,True,False,True
19348,True,True,True
19388,True,False,True
19391,True,True,True
19393,True,True,True
19407,True,True,True
19413,False,False,False
19418,True,False,True
19422,False,False,False
19425,True,True,True
19431,True,True,True
19433,True,True,True
19440,True,True,True
19443,True,True,True
19446,True,True,True
19447,True,True,True
19455,True,True,True
19456,True,True,True
19460,True,True,True
19477,True,True,True
19488,True,True,True
19498,True,True,True
19505,True,True,True
19521,True,False,True
19523,True,False,True
19524,True,True,True
19538,True,True,True
19548,True,True,True
19554,True,True,True
19559,True,True,True
19561,True,True,True
19568,True,True,True
19592,True,False,True
19599,True,True,True
19610,True,True,True
19612,True,True,True
19617,True,True,True
19624,True,True,True
19630,True,True,True
19632,True,True,True
19636,True,True,True
19665,True,True,True
19672,False,False,False
19674,True,False,True
19681,True,True,True
19682,True,False,True
19683,True,True,True
19694,True,True,True
19696,True,True,True
19699,True,False,True
19702,True,True,True
19720,True,True,True
19722,True,False,True
19725,True,True,True
19728,True,True,True
19731,True,False,True
19732,True,True,True
19736,True,False,True
19741,True,True,True
19749,True,True,True
19762,True,True,True
19770,True,True,True
19774,True,True,True
19775,True,False,True
19783,True,True,True
19799,True,False,True
19804,True,False,True
19808,True,True,True
19814,True,True,True
19846,True,True,True
19858,True,True,True
19863,True,True,True
19867,True,False,True
19871,False,False,False
19874,False,False,False
19883,True,True,True
19905,True,True,True
19906,True,False,True
19913,True,True,True
19918,True,True,True
19937,True,False,True
19940,True,True,True
19944,True,False,True
19947,True,True,True
19952,True,True,True
19957,True,True,True
19962,True,True,True
19963,True,True,True
19986,True,True,True
19994,True,False,True
19996,True,False,True
20013,True,True,True
20017,True,False,True
20027,True,True,True
20031,True,True,True
20040,True,True,True
20047,True,False,True
20049,True,False,True
20055,True,True,True
20086,False,False,False
20091,True,True,True
20102,True,False,True
20106,True,True,True
20128,True,False,True
20132,True,True,True
20133,True,True,True
20143,True,True,True
20163,True,True,True
20164,True,True,True
20165,True,True,True
20172,True,True,True
20177,True,True,True
20178,True,True,True
20183,True,False,True
20190,True,True,True
20193,True,True,True
20224,False,False,False
20227,True,True,True
20228,True,True,True
20230,True,True,True
20235,True,True,True
20242,True,True,True
20243,True,True,True
20245,True,True,True
20246,True,True,True
20251,True,False,True
20252,True,True,True
20255,False,True,False
20273,True,True,True
20274,True,True,True
20287,True,True,True
20290,True,False,True
20296,True,True,True
20298,True,True,True
20300,True,False,True
20304,True,True,True
20306,True,True,True
20311,True,True,True
20317,True,True,True
20319,True,True,True
20326,True,True,True
20332,True,True,True
20333,True,True,True
20335,True,True,True
20338,True,True,True
20339,True,True,True
20341,True,False,True
20346,True,True,True
20350,True,True,True
20352,True,True,True
20354,True,True,True
20362,True,True,True
20365,True,False,True
20367,False,False,False
20372,True,True,True
20387,True,True,True
20388,False,False,False
20390,True,False,True
20392,True,True,True
20394,True,True,True
20396,False,False,False
20398,True,True,True
20402,True,True,True
20406,True,False,True
20422,True,True,True
20426,True,False,True
20430,True,True,True
20433,True,False,True
20442,True,True,True
20446,True,True,True
20447,True,True,True
20449,True,False,True
20454,True,True,True
20464,True,False,True
20474,True,False,True
20477,True,True,True
20482,True,True,True
20490,True,True,True
20492,False,True,False
20494,True,True,True
20509,True,True,True
20513,True,True,True
20520,True,True,True
20521,True,True,True
20523,False,False,False
20528,True,True,True
20530,True,False,True
20533,True,True,True
20552,True,True,True
20564,True,True,True
20568,True,False,True
20573,True,False,True
20610,True,True,True
20644,True,False,True
20648,True,True,True
20656,True,True,True
20660,True,True,True
20664,True,True,True
20671,True,True,True
20673,True,True,True
20687,True,False,True
20690,True,True,True
20696,True,True,True
20700,True,True,True
20706,True,True,True
20718,True,True,True
20720,True,True,True
20730,True,True,True
20735,True,False,True
20736,True,True,True
20738,True,True,True
20745,True,True,True
20748,True,True,True
20749,True,True,True
20753,True,True,True
20768,True,True,True
20770,True,False,True
20773,True,True,True
20775,True,True,True
20789,True,True,True
20802,True,True,True
20803,True,True,True
20818,True,True,True
20824,True,True,True
20827,True,True,True
20834,True,True,True
20840,True,True,True
20841,True,True,True
20844,True,True,True
20849,True,True,True
20851,True,True,True
20855,True,False,True
20857,False,False,False
20860,False,False,False
20864,True,True,True
20877,True,True,True
20878,True,True,True
20895,True,True,True
20902,True,True,True
20932,True,True,True
20933,False,True,False
20947,True,True,True
20962,True,True,True
20971,False,False,False
20976,True,True,True
20984,True,True,True
21001,True,False,True
21013,True,True,True
21022,True,False,True
21025,True,True,True
21028,True,False,True
21033,True,True,True
21039,True,True,True
21044,True,True,True
21056,True,False,True
21059,True,True,True
21069,True,True,True
21073,True,True,True
21077,True,True,True
21081,True,True,True
21094,True,True,True
21115,True,True,True
21127,True,True,True
21132,True,True,True
21138,True,True,True
21139,True,True,True
21140,True,True,True
21142,True,True,True
21145,True,False,True
21146,True,False,True
21152,True,True,True
21167,True,True,True
21175,True,True,True
21181,True,True,True
21182,True,True,True
21184,True,False,True
21188,True,False,True
21190,True,False,True
21191,True,True,True
21193,True,True,True
21198,True,True,True
21199,False,False,False
21202,False,False,False
21206,True,False,True
21213,True,True,True
21232,False,False,False
21237,True,True,True
21240,True,False,True
21242,True,False,True
21243,True,True,True
21247,True,True,True
21274,True,True,True
21277,True,True,True
21284,False,True,False
21290,True,True,True
21293,True,False,True
21296,True,True,True
21298,True,True,True
21307,True,False,True
21310,True,True,True
21316,True,True,True
21333,True,True,True
21340,True,False,True
21341,True,True,True
21343,True,True,True
21360,True,True,True
21370,True,False,True
21383,True,False,True
21401,True,True,True
21409,True,False,True
21413,True,True,True
21433,True,True,True
21436,True,True,True
21445,True,True,True
21453,True,False,True
21466,True,True,True
21469,True,True,True
21472,True,False,True
21473,True,True,True
21474,True,False,True
21481,True,True,True
21488,True,True,True
21492,True,True,True
21498,True,True,True
21502,True,True,True
21507,True,False,True
21511,True,True,True
21514,True,True,True
21520,True,True,True
21525,True,True,True
21530,True,True,True
21534,True,False,True
21545,True,True,True
21546,True,True,True
21547,True,True,True
21554,True,True,True
21558,False,False,False
21562,True,True,True
21565,True,True,True
21573,True,False,True
21577,True,True,True
21585,True,True,True
21587,True,True,True
21592,True,True,True
21601,True,True,True
21610,True,True,True
21611,True,True,True
21626,True,True,True
21628,True,True,True
21641,True,True,True
21644,True,True,True
21651,True,True,True
21662,False,False,False
21668,True,False,True
21682,True,True,True
21683,True,True,True
21686,True,True,True
21697,True,False,True
21699,True,True,True
21712,True,True,True
21715,True,True,True
21718,True,True,True
21731,True,False,True
21738,True,True,True
21743,True,True,True
21748,True,True,True
21757,True,True,True
21760,True,True,True
21765,True,True,True
21767,True,True,True
21768,True,True,True
21772,True,False,True
21788,True,False,True
21789,True,True,True
21795,True,True,True
21798,True,True,True
21806,True,True,True
21810,True,False,True
21815,True,True,True
21825,True,True,True
21830,True,True,True
21833,True,True,True
21838,True,True,True
21842,True,True,True
21848,True,True,True
21851,True,False,True
21855,False,True,False
21858,True,True,True
21871,True,True,True
21873,True,True,True
21879,True,True,True
21880,True,True,True
21885,True,True,True
21895,True,True,True
21899,True,True,True
21915,True,True,True
21920,True,True,True
21930,True,True,True
21932,True,True,True
21937,True,False,True
21943,True,True,True
21956,True,True,True
21964,True,True,True
21968,True,True,True
21973,True,True,True
21974,True,True,True
21981,True,True,True
21990,True,True,True
21991,False,True,False
21996,True,True,True
22001,True,True,True
22009,True,True,True
22014,True,False,True
22018,True,False,True
22019,True,True,True
22022,True,True,True
22036,True,True,True
22043,True,True,True
22057,True,False,True
22067,True,True,True
22098,True,True,True
22100,True,True,True
22104,True,True,True
22108,True,True,True
22113,True,True,True
22117,True,False,True
22121,True,True,True
22125,True,True,True
22127,True,True,True
22143,True,False,True
22144,True,False,True
22149,True,False,True
22166,True,False,True
22176,True,True,True
22181,True,True,True
22188,False,False,False
22190,True,True,True
22191,False,False,False
22193,True,False,True
22201,True,True,True
22206,True,True,True
22222,True,True,True
22227,True,True,True
22228,True,False,True
22229,True,True,True
22234,True,True,True
22245,True,True,True
22248,True,False,True
22251,True,True,True
22265,True,True,True
22271,True,True,True
22293,True,False,True
22298,True,False,True
22299,True,True,True
22302,True,True,True
22304,True,True,True
22307,True,False,True
22317,True,True,True
22329,True,True,True
22334,True,True,True
22342,True,True,True
22346,True,True,True
22347,True,True,True
22350,True,True,True
22368,True,True,True
22377,True,True,True
22378,True,True,True
22385,True,True,True
22387,True,True,True
22398,True,False,True
22401,True,True,True
22411,True,True,True
22412,True,True,True
22425,True,True,True
22427,True,True,True
22429,True,True,True
22432,True,False,True
22439,True,True,True
22441,False,False,False
22448,True,False,True
22458,True,True,True
22460,True,False,True
22468,False,False,False
22474,False,False,False
22478,True,True,True
22480,True,True,True
22483,True,False,True
22484,True,True,True
22487,True,True,True
22495,True,True,True
22503,True,True,True
22506,True,True,True
22509,True,True,True
22511,True,True,True
22524,True,True,True
22530,True,True,True
22548,False,False,False
22581,True,False,True
22592,False,False,False
22595,True,True,True
22603,True,False,True
22609,True,False,True
22611,True,True,True
22614,False,False,False
22625,True,True,True
22628,True,True,True
22631,False,False,False
22632,True,False,True
22646,True,True,True
22649,True,True,True
22652,True,True,True
22655,False,False,False
22657,True,True,True
22664,True,True,True
22666,True,True,True
22696,True,True,True
22706,True,True,True
22724,True,True,True
22734,True,True,True
22755,True,True,True
22760,True,True,True
22761,True,True,True
22765,True,False,True
22772,True,False,True
22773,True,False,True
22792,True,True,True
22794,True,True,True
22797,True,True,True
22799,True,True,True
22800,True,True,True
22818,True,True,True
22820,True,False,True
22826,True,True,True
22838,True,True,True
22842,True,True,True
22843,True,True,True
22854,True,True,True
22855,True,True,True
22858,True,False,True
22877,True,True,True
22883,True,True,True
22892,False,False,False
22905,True,True,True
22906,True,True,True
22914,True,True,True
22916,True,True,True
22923,False,False,False
22940,True,False,True
22944,True,True,True
22950,True,True,True
22954,True,True,True
22960,True,False,True
22972,True,True,True
22973,True,False,True
23000,True,False,True
23017,True,True,True
23027,True,True,True
23031,True,True,True
23033,True,True,True
23035,True,True,True
23046,True,True,True
23055,True,True,True
23068,True,True,True
23072,True,True,True
23073,True,False,True
23074,True,True,True
23095,True,True,True
23096,True,True,True
23101,False,False,False
23103,True,False,True
23107,True,True,True
23109,True,True,True
23111,True,True,True
23133,True,True,True
23151,True,True,True
23153,True,False,True
23154,True,False,True
23159,True,True,True
23163,True,True,True
23165,True,True,True
23171,True,False,True
23189,True,True,True
23195,True,True,True
23203,True,True,True
23210,True,True,True
23216,True,True,True
23219,True,False,True
23225,True,True,True
23230,True,False,True
23235,True,True,True
23247,False,True,False
23254,True,False,True
23257,True,True,True
23259,True,False,True
23261,True,True,True
23265,True,True,True
23266,True,True,True
23271,True,False,True
23281,True,True,True
23285,True,True,True
23286,True,True,True
23293,True,False,True
23315,True,True,True
23336,True,True,True
23339,True,True,True
23347,True,True,True
23359,True,True,True
23366,False,False,False
23372,True,False,True
23376,True,False,True
23378,True,True,True
23410,True,True,True
23414,True,False,True
23428,True,False,True
23433,True,True,True
23435,True,True,True
23441,True,False,True
23444,True,True,True
23453,True,True,True
23463,True,True,True
23478,True,True,True
23482,True,False,True
23488,False,False,False
23524,True,True,True
23529,True,True,True
23531,True,True,True
23534,True,True,True
23539,True,True,True
23543,True,True,True
23544,True,False,True
23545,True,True,True
23557,True,False,True
23560,True,True,True
23571,True,True,True
23572,True,True,True
23587,True,False,True
23596,True,True,True
23597,True,True,True
23598,True,True,True
23603,True,True,True
23606,True,True,True
23620,True,True,True
23630,True,True,True
23637,True,True,True
23642,True,True,True
23662,True,False,True
23671,True,True,True
23676,True,True,True
23686,True,True,True
23687,True,True,True
23694,True,True,True
23717,True,True,True
23718,False,False,False
23725,True,False,True
23728,True,True,True
23732,True,True,True
23737,True,True,True
23752,False,False,False
23755,True,True,True
23758,True,True,True
23771,True,False,True
23794,True,True,True
23799,True,True,True
23813,True,True,True
23822,True,True,True
23823,False,False,False
23838,True,True,True
23840,True,True,True
23853,True,True,True
23860,True,True,True
23873,True,True,True
23878,True,True,True
23881,True,True,True
23882,False,False,False
23890,True,False,True
23895,True,True,True
23897,True,True,True
23912,True,False,True
23915,True,True,True
23923,True,True,True
23930,False,True,False
23937,True,True,True
23941,True,True,True
23947,True,True,True
23954,True,False,True
23958,True,False,True
23959,True,True,True
23983,True,True,True
23987,True,True,True
23999,True,True,True
24003,False,True,False
24007,True,True,True
24008,True,True,True
24013,True,True,True
24023,True,True,True
24032,True,True,True
24043,True,False,True
24055,True,False,True
24068,True,True,True
24069,True,True,True
24077,False,False,False
24080,True,True,True
24083,True,True,True
24084,True,True,True
24096,True,True,True
24104,True,True,True
24109,False,False,False
24111,False,True,False
24118,True,True,True
24119,True,True,True
24133,True,True,True
24134,True,True,True
24138,True,True,True
24142,True,True,True
24145,True,False,True
24152,True,True,True
24157,True,True,True
24160,True,True,True
24168,True,True,True
24170,True,True,True
24177,True,True,True
24180,True,True,True
24184,True,True,True
24186,True,False,True
24193,True,False,True
24199,True,True,True
24208,True,True,True
24221,True,True,True
24246,True,True,True
24248,True,True,True
24253,True,True,True
24256,True,True,True
24259,True,True,True
24266,True,True,True
24268,True,True,True
24282,True,True,True
24287,True,True,True
24288,True,True,True
24293,True,True,True
24295,True,False,True
24298,True,False,True
24301,True,True,True
24304,True,False,True
24306,True,True,True
24327,True,False,True
24340,True,True,True
24343,True,True,True
24353,True,True,True
24355,True,True,True
24356,True,True,True
24369,True,True,True
24375,True,False,True
24383,True,False,True
24389,True,True,True
24391,True,False,True
24397,True,True,True
24402,True,False,True
24407,True,False,True
24412,True,True,True
24436,True,True,True
24447,True,True,True
24450,True,True,True
24460,False,False,False
24464,True,True,True
24466,True,False,True
24471,True,True,True
24498,True,True,True
24513,True,True,True
24517,True,True,True
24528,True,False,True
24534,True,True,True
24546,True,True,True
24550,True,True,True
24554,True,True,True
24557,True,True,True
24562,True,True,True
24570,True,True,True
24585,True,True,True
24588,True,True,True
24601,True,True,True
24602,True,True,True
24605,True,True,True
24607,True,True,True
24621,True,True,True
24648,True,True,True
24650,True,True,True
24652,True,True,True
24653,True,False,True
24665,True,True,True
24671,True,False,True
24687,True,True,True
24689,True,True,True
24704,True,True,True
24705,False,False,False
24707,True,True,True
24715,True,True,True
24723,True,True,True
24728,True,True,True
24734,True,True,True
24743,True,True,True
24754,True,False,True
24756,True,False,True
24760,True,False,True
24768,True,True,True
24777,True,True,True
24788,True,True,True
24790,True,True,True
24798,True,True,True
24804,True,True,True
24808,True,True,True
24809,True,True,True
24810,True,True,True
24823,True,False,True
24825,True,False,True
24827,True,True,True
24831,False,True,False
24839,True,True,True
24842,True,False,True
24867,True,True,True
24882,True,True,True
24885,True,False,True
24886,True,True,True
24891,True,False,True
24894,True,True,True
24897,False,False,False
24900,True,True,True
24906,True,True,True
24910,True,True,True
24912,True,False,True
24919,True,False,True
24922,True,False,True
24924,True,True,True
24930,True,False,True
24958,True,True,True
24972,True,True,True
24974,True,False,True
24979,True,False,True
24982,True,True,True
24989,True,True,True
24990,True,False,True
24995,True,False,True
25001,True,True,True
25004,True,True,True
25005,True,False,True
25006,True,True,True
25007,True,False,True
25008,True,True,True
25020,True,True,True
25023,True,True,True
25030,True,True,True
25037,True,True,True
25045,True,False,True
25048,True,True,True
25049,True,True,True
25053,True,True,True
25055,True,False,True
25056,True,True,True
25057,True,True,True
25064,True,True,True
25066,True,True,True
25069,True,True,True
25078,True,False,True
25079,True,True,True
25083,False,False,False
25085,True,True,True
25086,True,True,True
25087,True,True,True
25094,True,False,True
25098,True,True,True
25100,True,True,True
25103,True,True,True
25105,True,True,True
25109,True,True,True
25126,True,True,True
25139,False,False,False
25147,True,True,True
25148,True,True,True
25172,True,False,True
25174,True,False,True
25177,True,True,True
25182,True,False,True
25194,True,True,True
25195,True,True,True
25201,True,True,True
25204,True,True,True
25209,True,True,True
25213,True,True,True
25214,True,False,True
25227,True,True,True
25229,True,True,True
25235,False,False,False
25237,True,True,True
25239,True,False,True
25251,True,True,True
25252,True,False,True
25262,True,False,True
25263,True,True,True
25269,True,True,True
25280,True,True,True
25287,True,True,True
25295,True,False,True
25305,False,False,False
25307,True,True,True
25308,True,True,True
25311,True,False,True
25312,True,True,True
25313,True,True,True
25315,False,False,False
25318,True,False,True
25329,True,True,True
25331,True,True,True
25337,True,True,True
25341,True,True,True
25349,True,True,True
25379,True,True,True
25385,True,True,True
25388,True,True,True
25391,True,True,True
25412,True,True,True
25422,True,False,True
25428,True,True,True
25452,True,True,True
25455,True,True,True
25462,True,True,True
25467,True,True,True
25474,True,True,True
25475,True,True,True
25477,True,True,True
25478,True,True,True
25483,True,False,True
25485,True,False,True
25503,True,True,True
25508,True,True,True
25517,True,False,True
25530,True,True,True
25534,True,False,True
25535,True,True,True
25536,True,True,True
25537,True,False,True
25539,True,False,True
25543,True,True,True
25557,True,True,True
25559,True,False,True
25563,True,False,True
25573,True,False,True
25576,True,True,True
25581,True,True,True
25584,True,False,True
25588,True,True,True
25598,True,True,True
25600,True,True,True
25604,True,True,True
25607,True,True,True
25609,True,True,True
25612,True,False,True
25616,True,True,True
25617,True,True,True
25619,True,False,True
25626,True,True,True
25637,True,True,True
25640,True,True,True
25643,True,True,True
25670,True,True,True
25677,True,True,True
25683,True,True,True
25697,True,True,True
25701,True,False,True
25703,True,True,True
25729,True,False,True
25733,True,True,True
25734,True,True,True
25742,True,True,True
25745,True,True,True
25746,True,True,True
25748,True,True,True
25751,True,False,True
25752,True,True,True
25761,True,True,True
25763,True,True,True
25770,True,True,True
25780,True,True,True
25793,True,True,True
25802,True,True,True
25805,True,True,True
25808,True,True,True
25811,True,True,True
25819,True,True,True
25831,True,True,True
25833,True,True,True
25834,True,True,True
25835,True,False,True
25858,True,True,True
25869,True,True,True
25892,True,True,True
25897,True,False,True
25903,True,True,True
25909,True,True,True
25913,True,False,True
25920,True,False,True
25929,True,True,True
25937,True,True,True
25944,True,True,True
25948,True,True,True
25954,True,True,True
25956,False,False,False
25966,True,True,True
25988,True,True,True
25998,True,False,True
26003,False,False,False
26012,True,True,True
26025,True,True,True
26040,True,True,True
26061,True,True,True
26067,True,True,True
26072,True,True,True
26073,True,True,True
26075,False,False,False
26078,True,True,True
26090,True,True,True
26092,True,False,True
26103,True,True,True
26118,True,True,True
26119,True,True,True
26126,True,True,True
26131,True,True,True
26137,True,False,True
26141,True,True,True
26146,True,False,True
26155,True,True,True
26157,True,False,True
26170,True,True,True
26172,True,True,True
26173,True,True,True
26174,True,True,True
26180,True,True,True
26182,True,True,True
26195,True,False,True
26196,True,True,True
26198,True,True,True
26199,True,False,True
26207,False,True,False
26211,True,False,True
26212,False,True,False
26237,True,True,True
26257,True,True,True
26268,True,True,True
26270,False,False,False
26272,True,True,True
26276,True,True,True
26279,True,True,True
26280,True,True,True
26282,True,False,True
26300,True,True,True
26304,True,True,True
26305,True,False,True
26306,True,True,True
26312,True,True,True
26313,True,True,True
26320,True,False,True
26326,False,False,False
26328,True,True,True
26333,True,True,True
26338,True,True,True
26343,True,True,True
26351,True,True,True
26354,True,True,True
26356,True,False,True
26358,True,True,True
26374,True,False,True
26375,True,True,True
26380,True,True,True
26381,True,True,True
26388,True,True,True
26400,True,False,True
26405,True,False,True
26411,True,False,True
26417,True,True,True
26425,True,False,True
26429,True,True,True
26431,True,True,True
26439,True,True,True
26440,True,False,True
26445,True,True,True
26446,True,False,True
26448,True,True,True
26452,True,True,True
26455,False,False,False
26462,True,True,True
26464,True,True,True
26465,True,True,True
26484,False,False,False
26487,True,True,True
26495,True,True,True
26497,True,True,True
26502,False,False,False
26510,True,True,True
26511,True,True,True
26512,True,True,True
26518,True,True,True
26521,True,True,True
26525,True,True,True
26526,True,False,True
26533,True,True,True
26549,True,True,True
26569,True,True,True
26570,True,True,True
26593,True,True,True
26596,False,False,False
26611,True,True,True
26615,True,True,True
26618,True,False,True
26620,True,True,True
26625,True,False,True
26660,True,True,True
26663,True,True,True
26664,True,True,True
26670,True,True,True
26689,True,True,True
26693,True,True,True
26704,True,True,True
26713,True,True,True
26745,True,True,True
26746,True,True,True
26782,True,True,True
26783,True,True,True
26790,True,True,True
26800,True,False,True
26802,True,True,True
26805,True,True,True
26827,True,True,True
26837,True,False,True
26845,True,True,True
26854,False,False,False
26855,False,True,False
26860,True,True,True
26861,True,False,True
26864,True,True,True
26869,True,True,True
26887,True,False,True
26910,True,True,True
26925,True,True,True
26932,True,True,True
26936,True,True,True
26942,False,False,False
26943,True,True,True
26945,True,True,True
26949,True,True,True
26953,True,True,True
26976,True,False,True
26982,True,True,True
26983,True,True,True
27003,False,True,False
27007,True,True,True
27008,False,False,False
27021,True,True,True
27026,True,True,True
27039,True,True,True
27044,True,True,True
27047,True,False,True
27049,True,False,True
27055,True,False,True
27056,True,True,True
27070,True,True,True
27073,True,True,True
27074,True,True,True
27078,True,True,True
27080,True,False,True
27090,True,True,True
27093,True,True,True
27096,True,True,True
27104,True,True,True
27122,True,True,True
27136,True,True,True
27145,True,True,True
27152,True,False,True
27153,True,True,True
27154,True,True,True
27160,True,False,True
27163,True,False,True
27175,True,True,True
27182,True,True,True
27196,True,False,True
27202,True,True,True
27218,True,True,True
27219,True,True,True
27220,True,True,True
27223,True,True,True
27230,True,True,True
27231,True,True,True
27232,True,False,True
27240,True,False,True
27256,True,True,True
27257,True,True,True
27260,True,False,True
27261,True,True,True
27278,True,True,True
27280,True,True,True
27295,True,True,True
27296,True,False,True
27301,True,True,True
27315,True,True,True
27316,True,True,True
27336,True,True,True
27338,True,False,True
27342,True,False,True
27346,True,True,True
27354,True,True,True
27357,False,False,False
27372,True,True,True
27378,True,True,True
27385,True,True,True
27411,True,True,True
27417,True,True,True
27420,True,True,True
27423,True,True,True
27431,True,True,True
27441,False,False,False
27443,True,True,True
27460,True,True,True
27463,True,True,True
27465,True,True,True
27466,True,True,True
27478,True,True,True
27481,True,False,True
27489,True,True,True
27495,True,True,True
27497,True,True,True
27501,True,True,True
27502,True,True,True
27517,True,False,True
27526,True,True,True
27539,True,True,True
27542,True,True,True
27551,True,True,True
27565,True,True,True
27587,True,True,True
27598,True,True,True
27601,True,False,True
27603,True,False,True
27610,True,False,True
27618,False,True,False
27619,True,True,True
27621,True,True,True
27640,True,True,True
27658,True,True,True
27669,True,True,True
27679,True,True,True
27686,True,False,True
27692,True,True,True
27705,True,False,True
27708,False,False,False
27715,True,False,True
27724,True,False,True
27725,True,True,True
27727,True,True,True
27730,True,True,True
27747,True,True,True
27761,True,True,True
27767,True,True,True
27768,True,True,True
27784,True,True,True
27788,True,True,True
27798,True,True,True
27803,True,False,True
27815,True,False,True
27822,True,True,True
27823,True,True,True
27824,True,True,True
27828,True,True,True
27829,True,True,True
27837,True,True,True
27847,True,True,True
27853,True,False,True
27855,True,True,True
27857,True,False,True
27858,True,True,True
27866,True,True,True
27867,True,True,True
27873,True,True,True
27884,True,False,True
27891,True,True,True
27902,True,True,True
27906,True,False,True
27918,True,True,True
27957,True,False,True
27968,True,True,True
27970,True,False,True
27974,False,False,False
27977,True,True,True
28010,True,True,True
28015,True,True,True
28020,True,True,True
28022,True,True,True
28027,False,False,False
28028,True,True,True
28032,True,False,True
28054,True,True,True
28055,True,False,True
28060,True,True,True
28063,True,True,True
28077,False,False,False
28078,True,True,True
28086,True,True,True
28093,True,True,True
28098,True,True,True
28099,True,False,True
28101,True,False,True
28105,True,True,True
28106,True,True,True
28107,True,True,True
28114,True,True,True
28129,True,True,True
28138,True,True,True
28144,True,False,True
28146,True,True,True
28164,True,False,True
28170,True,True,True
28192,True,True,True
28195,False,True,False
28200,True,True,True
28203,True,True,True
28212,True,True,True
28222,True,True,True
28227,True,True,True
28230,True,True,True
28247,True,True,True
28252,True,True,True
28254,True,False,True
28263,True,True,True
28264,True,False,True
28265,True,True,True
28271,True,True,True
28276,True,True,True
28282,True,True,True
28287,True,True,True
28291,True,True,True
28303,True,True,True
28307,True,False,True
28315,True,True,True
28318,True,True,True
28325,True,True,True
28327,True,True,True
28329,True,True,True
28332,True,True,True
28337,True,True,True
28340,True,True,True
28341,True,True,True
28342,True,True,True
28344,True,True,True
28367,True,True,True
28368,True,True,True
28369,True,True,True
28373,True,True,True
28380,True,True,True
28381,True,True,True
28382,True,False,True
28393,True,False,True
28396,True,True,True
28400,True,True,True
28410,True,True,True
28424,True,True,True
28426,True,True,True
28435,True,True,True
28436,False,False,False
28441,False,False,False
28449,True,False,True
28450,True,True,True
28463,True,True,True
28472,True,True,True
28474,True,True,True
28479,True,True,True
28493,True,True,True
28495,True,True,True
28502,True,True,True
28504,True,False,True
28505,True,True,True
28506,True,True,True
28515,True,True,True
28518,True,True,True
28520,True,True,True
28535,True,True,True
28538,True,True,True
28545,True,True,True
28553,True,False,True
28569,False,True,False
28571,True,True,True
28576,False,True,False
28579,True,True,True
28595,True,True,True
28598,True,False,True
28605,True,True,True
28614,True,True,True
28616,True,False,True
28618,False,False,False
28619,True,True,True
28647,True,True,True
28668,True,True,True
28673,True,True,True
28675,True,True,True
28677,True,True,True
28680,True,True,True
28682,True,True,True
28689,True,True,True
28694,True,True,True
28695,True,True,True
28700,True,True,True
28701,True,True,True
28703,True,True,True
28707,True,True,True
28712,True,False,True
28725,True,True,True
28727,True,True,True
28730,True,False,True
28739,True,True,True
28749,True,False,True
28751,True,False,True
28753,True,False,True
