setting,n,accuracy_mean,accuracy_sd,macro_f1_mean,macro_f1_sd,weighted_f1_mean,weighted_f1_sd
concat,3,0.947290971449759,0.005872971445952573,0.9338576890551589,0.010445305431771308,0.9472111898551733,0.0059767414391457005
unweighted,3,0.9591560066740823,0.0038712721370832088,0.929503775991977,0.005016080571177187,0.9589640685401754,0.0038686417135761187
weighted,3,0.9603494623655914,0.0021555461539180536,0.9374040413742449,0.004147495875678716,0.9603253398644246,0.002134183143973948
four_way,3,0.9603494623655914,0.0021555461539180536,0.9374040413742449,0.004147495875678716,0.9603253398644246,0.002134183143973948
checkpoint_accuracy,3,0.9529917500926955,0.0029232885853860816,0.9403113329021758,0.004166559911420342,0.9529307143906564,0.0030132253085073243
checkpoint_macro_f1,3,0.947974601408973,0.004467050406691684,0.932567126042256,0.006162101625305058,0.9479819487326512,0.004403273592729413
checkpoint_weighted_f1,3,0.9530844456803855,0.0028206307386847117,0.93928789086229,0.005052150518917081,0.9530925297626408,0.002835491706934499
morgan_only,3,0.9485076010381905,0.005996657235218949,0.9327852654936404,0.009296047283357794,0.9483552618527707,0.006134574137120982
rdkit_only,3,0.9425750834260288,0.012636846259248229,0.9313165054768712,0.008062655503645844,0.942858100408817,0.012150787776144062
morgan_rdkit,3,0.9504542083796812,0.0039975475968517075,0.9378249417710176,0.009029904600183868,0.9504507751805854,0.0039948027759278285
