setting,seed,accuracy,macro_f1,weighted_f1
concat,43,0.9520647942157954,0.9439930414999674,0.9519532829572378
concat,42,0.949075361512792,0.9344522013387676,0.9491824759709132
unweighted,43,0.9635706340378198,0.9326548393408066,0.9633841307144524
unweighted,42,0.9575570077864294,0.923719424515612,0.9573141057432168
unweighted,44,0.9563403781979978,0.9321370641195124,0.9561939691628568
weighted,43,0.958773637374861,0.9342633551682205,0.9587613541231492
weighted,42,0.9628058954393772,0.9358432840867816,0.9627566353582452
weighted,44,0.959468854282536,0.942105484867733,0.9594580301118794
concat,44,0.9407327586206896,0.9231278243267416,0.940497810637369
four_way,43,0.958773637374861,0.9342633551682205,0.9587613541231492
four_way,42,0.9628058954393772,0.9358432840867816,0.9627566353582452
four_way,44,0.959468854282536,0.942105484867733,0.9594580301118794
checkpoint_accuracy,42,0.9507786429365962,0.9386757729168136,0.9506275418101726
checkpoint_accuracy,43,0.956305617352614,0.9450475219018604,0.9563408563716462
checkpoint_accuracy,44,0.9518909899888766,0.9372107038878532,0.9518237449901504
checkpoint_macro_f1,42,0.9431660177975528,0.9262605096037984,0.9432361395911032
checkpoint_macro_f1,43,0.9487625139043382,0.9328671136934068,0.948774729882161
checkpoint_macro_f1,44,0.9519952725250278,0.9385737548295632,0.9519349767246894
checkpoint_weighted_f1,42,0.9510567296996664,0.9356054467971566,0.951112987926126
checkpoint_weighted_f1,43,0.956305617352614,0.9450475219018604,0.9563408563716462
checkpoint_weighted_f1,44,0.9518909899888766,0.9372107038878532,0.9518237449901504
morgan_only,42,0.9424708008898776,0.9237125069460302,0.9421382458401356
morgan_only,43,0.9544632925472748,0.9422895703251606,0.9544039286588494
morgan_only,44,0.9485887096774194,0.9323537192097304,0.9485236110593273
rdkit_only,42,0.9524124026696328,0.9379946904546856,0.9523970409848244
rdkit_only,43,0.9469897107897663,0.9335950457475916,0.9469991914441218
rdkit_only,44,0.9283231368186874,0.9223597802283364,0.9291780687975048
morgan_rdkit,42,0.9469549499443828,0.9274721506278206,0.9469688760617672
morgan_rdkit,43,0.9495967741935484,0.9419271102961172,0.9495714703414024
morgan_rdkit,44,0.9548109010011124,0.9440755643891148,0.9548119791385864
