seed,criterion,selection_name,selected_epoch,cal_accuracy,cal_macro84,cal_weighted_f1,test_accuracy,test_macro84,test_weighted_f1
42,accuracy,Calibration Accuracy,64,0.953559510567297,0.9099957318282553,0.953477834914789,0.9507786429365962,0.9386757729168137,0.9506275418101726
43,accuracy,Calibration Accuracy,88,0.9590169632925473,0.917622120111052,0.9590863313522913,0.956305617352614,0.9450475219018603,0.9563408563716462
44,accuracy,Calibration Accuracy,114,0.9551932703003337,0.9160670624985113,0.9551788044624536,0.9518909899888766,0.9372107038878532,0.9518237449901504
42,macro_f1,Calibration Macro-F1,47,0.9464335372636262,0.9143301466616429,0.9465731833423243,0.9431660177975528,0.9262605096037985,0.9432361395911031
43,macro_f1,Calibration Macro-F1,72,0.950674360400445,0.9302813817593074,0.9505737922034323,0.9487625139043382,0.9328671136934068,0.948774729882161
44,macro_f1,Calibration Macro-F1,106,0.9548804226918799,0.9204821186198904,0.9548447956469264,0.9519952725250278,0.9385737548295633,0.9519349767246894
42,weighted_f1,Calibration Weighted-F1,63,0.9534899888765295,0.9134884275039787,0.9535352252390424,0.9510567296996663,0.9356054467971566,0.9511129879261259
43,weighted_f1,Calibration Weighted-F1,88,0.9590169632925473,0.917622120111052,0.9590863313522913,0.956305617352614,0.9450475219018603,0.9563408563716462
44,weighted_f1,Calibration Weighted-F1,114,0.9551932703003337,0.9160670624985113,0.9551788044624536,0.9518909899888766,0.9372107038878532,0.9518237449901504
