experiment,seed,pair_operator,best_epoch,cal_accuracy,cal_macro_f1,cal_weighted_f1,test_accuracy,test_macro_f1,test_weighted_f1,checkpoint_gap,setting,feature_protocol,training_performed,checkpoint_sha256,prediction_sha256
V2_PAIR_CONCAT_ONLY_SEED_43,43,concat_only,81,0.9536637931034484,0.9227341010430204,0.9536346724320692,0.9520647942157954,0.9439930414999674,0.9519532829572378,0.0,concat,,,,
V2_PAIR_CONCAT_ONLY_SEED_42,42,concat_only,63,0.9528990545050056,0.9225795813440376,0.9529136589761664,0.949075361512792,0.9344522013387676,0.9491824759709132,0.0,concat,,,,
V2_NO_CLASS_WEIGHT_SEED_43,43,,82,0.9643353726362626,0.9237818809241424,0.9641506823956808,0.9635706340378198,0.9326548393408066,0.9633841307144524,0.0,unweighted,,,,
V2_NO_CLASS_WEIGHT_SEED_42,42,,45,0.9571398776418244,0.9187152566710948,0.9568545462701722,0.9575570077864294,0.923719424515612,0.9573141057432168,0.0,unweighted,,,,
V2_NO_CLASS_WEIGHT_SEED_44,44,,57,0.9566184649610678,0.9320585951392212,0.9565506157990749,0.9563403781979978,0.9321370641195124,0.9561939691628568,0.0,unweighted,,,,
V2_WEIGHTED_GCN_SEED_43,43,,78,0.9590169632925472,0.9167380930128528,0.958900560953198,0.958773637374861,0.9342633551682205,0.9587613541231492,0.0,weighted,,,,
V2_WEIGHTED_GCN_FIXED_AUTO_RESUME,42,,99,0.9633620689655172,0.9173957035710928,0.9632699894812132,0.9628058954393772,0.9358432840867816,0.9627566353582452,0.0,weighted,,,,
V2_WEIGHTED_GCN_SEED_44,44,,82,0.9588431590656284,0.9337927513592832,0.9588433296296284,0.959468854282536,0.942105484867733,0.9594580301118794,0.0,weighted,,,,
historical_pair_operator_concat_only,44,concat_only,56,0.9435483870967742,0.9086925118104249,0.9434203378963701,0.9407327586206896,0.9231278243267415,0.940497810637369,0.0,concat,historical_exact_v2_cache,False,7e8f6893ead4aff4b74dc06a600255d1dc06a2089c4ce4107b35212ea11b580a,15743275e78ace93f92ac08f4db3e47cce5f9cc8dfc186c100d930ec7443928a
